Id	DR	L	WP	W	SL	SW	P
H404_01	2.33	9.48	4.27	8.85	NaN	NaN	2
H404_02	2.94	8.34	4.74	8.99	NaN	NaN	1
H404_03	2.44	8.19	4.26	7.99	2.05	2.46	1
H404_04	2.3	7.55	3.9	8.82	NaN	NaN	1
H404_05	2.25	8.07	3.77	9.02	NaN	NaN	2
H404_06	2.25	9.38	4.38	8.8	NaN	NaN	1
H404_07	2.76	9.38	4.06	9.34	3.08	2.7	2
H404_08	2.78	9.33	4.48	9.75	2.33	2.52	2
H404_09	2.66	8.48	4.19	8.32	NaN	NaN	2
H404_10	2.86	8.89	4.21	9.07	NaN	NaN	2
H405_01	3.16	10.01	4.67	8.9	NaN	NaN	2
H405_02	3.51	9.76	5.02	9.94	NaN	NaN	2
H405_03	3.26	9.62	4.87	8.29	NaN	NaN	1
H405_04	3.83	9.85	4.43	8.39	NaN	NaN	2
H405_05	2.97	9.45	3.89	8.74	NaN	NaN	2
H405_06	3.24	9.67	3.85	8.26	1.37	2.2	2
H405_07	3.3	10.15	4.52	9.72	2.06	2	2
H405_08	3.15	9.71	4.39	8.25	2.01	2.17	2
H405_09	3.14	10.08	4.96	9.41	1.3	2.03	2
H405_10	3.16	9.97	4.25	9.1	NaN	NaN	2
H406_01	3.89	10.16	4.55	9.97	NaN	NaN	2
H406_02	3.53	10.92	4.97	10.33	1.73	2.89	2
H406_03	3.5	10.14	5.22	10.34	NaN	NaN	2
H406_04	3.48	9.93	5.32	9.31	2.05	2.08	2
H406_05	3.33	9.59	3.98	9.62	1.71	2.58	2
H406_06	3.24	9.29	4.42	9.27	1.26	2.4	1
H406_07	3.41	10.39	4.91	9.41	2.83	2.76	2
H406_08	3.45	9.78	4.64	9.79	2.49	2.19	2
H406_09	4.04	10.06	5	8.78	NaN	NaN	1
H406_10	3.63	10.02	4.08	8.61	NaN	NaN	2
H407_01	3.04	7.54	4.02	8.18	NaN	NaN	2
H407_02	2.57	8.12	4.54	7.51	NaN	NaN	2
H408_01	3.1	10.74	4.41	10.28	2.01	3.09	1
H408_02	3.03	10.18	4.84	10.16	2.51	2.53	1
H408_03	3.39	10.78	5.59	10.53	NaN	NaN	2
H408_04	2.98	9.62	5.16	9.55	NaN	NaN	2
H408_05	3.09	10.94	5.5	9.81	NaN	NaN	1
H408_06	2.97	11.21	6.03	10.34	2.16	2.63	1
H408_07	2.93	11.11	5.7	9.83	NaN	NaN	1
H408_08	3.1	10.37	4.84	9.72	2.58	2.32	2
H408_09	3.2	10.19	4.25	8.68	2.14	3.12	2
H408_10	2.95	10.53	5.34	8.78	2.65	3	1
HMAC004_01	2.81	11.44	6.46	8.24	NaN	NaN	1
HMAC004_02	3.25	11.54	6.05	9.05	NaN	NaN	2
HMAC004_03	2.63	11.9	7.63	8.59	NaN	NaN	2
HMAC004_04	2.91	11.32	8.19	8.29	NaN	NaN	1
HMAC004_05	2.41	9.96	5.25	8.06	NaN	NaN	2
HMAC004_06	2.5	12.28	8.07	7.61	NaN	NaN	1
HMAC004_07	3.35	11.39	7	9.28	NaN	NaN	1
HMAC004_08	3.51	9.34	4.97	8.57	NaN	NaN	2
HMAC004_09	2.88	12.95	6.38	8.66	NaN	NaN	1
HMAC004_10	2.57	NaN	NaN	NaN	NaN	NaN	1
HMAC006_01	3.01	8.64	4.49	8.46	2.45	2.28	3
HMAC006_02	2.61	8.36	5.28	7.45	1.86	1.35	2
HMAC006_03	2.88	9.79	5.43	9.56	1.89	2.67	3
HMAC006_04	3.34	10.98	6.16	9.62	3.14	3.38	2
HMAC006_05	4.09	8.96	4.47	8.08	NaN	NaN	3
HMAC006_06	2.83	8.57	4.55	8.56	2.31	2.38	3
HMAC006_07	3.43	10.08	5.78	8.97	NaN	NaN	3
HMAC006_08	3.13	10.23	5.83	9.11	NaN	NaN	3
HMAC006_09	2.75	9.52	6.07	8.55	2.13	2.68	3
HMAC006_10	2.98	10.6	6.01	9.38	NaN	NaN	2
HMAC007_01	2.98	9.44	4.5	8.18	NaN	NaN	2
HMAC007_02	2.82	9.32	3.76	8.17	NaN	NaN	2
HMAC007_03	2.7	8.6	5.6	7.53	NaN	NaN	2
HMAC007_04	3.27	9.83	5.5	9.39	NaN	NaN	2
HMAC007_05	3.38	8.04	4.07	6.37	1.81	3.12	2
HMAC008_01	2.98	9.99	5.25	8.37	2.03	2.63	1
HMAC008_02	2.83	NaN	NaN	NaN	1.34	2.1	1
HMAC008_03	2.99	11.17	7.26	7.17	2.29	1.9	1
HMAC010_01	3.06	9.49	5.65	8.47	NaN	NaN	2
HMAC010_02	2.85	9.54	5.29	8.8	NaN	NaN	2
HMAC010_03	3.43	8.86	5.49	8.39	2.41	2.55	2
HMAC010_04	2.83	9.98	6.02	8.53	NaN	NaN	3
HMAC010_05	3.19	9.52	5.78	8.06	1.91	2.85	3
HMAC010_06	3.2	8.35	5.41	8.4	2.32	3.26	2
HMAC010_07	2.78	7.64	3.83	7.36	2.03	3.23	2
HMAC010_08	3.43	9.31	5.7	8.58	2.17	2.35	2
HMAC010_09	3.67	9.57	5.63	8.39	NaN	NaN	2
HMAC010_10	3.46	9.4	5.89	8.6	NaN	NaN	2
HMAC011_01	3.5	11.3	5.79	9.13	NaN	NaN	1
HMAC011_02	3.2	13.19	7.72	9.21	3.37	3.03	1
HMAC011_03	2.61	10.11	5.37	7.87	3.16	3.27	2
HMAC011_04	2.72	10.52	5.86	8.34	NaN	NaN	1
HMAC011_05	3.36	12.08	7.52	9.28	NaN	NaN	2
HMAC011_06	3.3	10.28	5.57	9.19	NaN	NaN	2
HMAC011_07	3.09	10.74	7.21	7.7	NaN	NaN	1
HMAC011_08	2.7	10.77	6.35	8.74	NaN	NaN	1
HMAC011_09	2.8	10.28	6.24	7.05	NaN	NaN	1
HMAC011_10	2.73	10.97	5.1	8.45	NaN	NaN	1
HMAC101_01	3.09	9.68	4.63	7.86	1.37	2.04	2
HMAC101_02	2.18	10	5.29	6.46	NaN	NaN	2
HMAC101_03	2.62	10.1	6.11	7.97	1.4	1.97	2
HMAC104_01	2.74	10.44	5.51	8.33	1.26	1.75	2
HMAC104_02	2.72	9.37	2.7	7.13	1.65	1.75	2
HMAC104_03	2.5	9.41	5.94	8	2.2	1.52	2
HMAC104_04	2.51	9.49		7.91	NaN	NaN	2
HMAC104_05	2.76	8.59	3.76	7.19	1.57	1.72	2
HMAC105_01	3.34	11.98	7.62	7.89	3.16	2.65	1
HMAC105_02	2.99	9.12	4.85	6.78	1.75	1.33	1
HMAC105_03	2.93	12.29	6.25	7.77	NaN	NaN	1
HMAC202_01	2.62	11.84	4.64	7.64	NaN	NaN	1
HMAC202_02	2.8	11	5.85	8.03	3.28	3.01	1
HMAC202_03	2.19	11.9	6.17	8.74	NaN	NaN	1
HMAC202_04	2.37	12.16	6.11	7.93	NaN	NaN	1
HMAC501_01	3.11	10.31	5.34	11.37	NaN	NaN	2
HMAC501_02	3.28	NaN	NaN	NaN	NaN	NaN	2
HMAC501_03	2.94	10.72	5.24	10.49	2.11	2.3	2
HMAC501_04	3.19	10.31	5.07	11.59	NaN	NaN	2
HMAC501_05	3.04	10.57	5.03	11.61	NaN	NaN	2
HMAC501_06	3.13	9.73	3.76	11.12	1.82	2.72	2
HMAC501_07	3.21	10.4	5.01	10.03	2.49	2.97	2
HMAC501_08	3.08	9.43	4.97	10.42	1.98	2.49	2
HMAC501_09	3.12	11.24	5.56	10.67	2.05	2.95	2
HMAC501_10	3.02	9.72	5.63	10.47	NaN	NaN	2
HMAC502_01	3.26	8.72	4.02	9.37	NaN	NaN	2
HMAC502_02	3.14	7.54	4.12	8.22	2.57	3.1	2
HMAC502_03	3.38	9.48	5.39	8.64	2.03	3.36	2
HMAC502_04	3.46	8.92	4.5	9.25	2.43	3.31	2
HMAC502_05	3.67	8.74	4.38	9.13	3.34	2.8	2
HMAC502_06	3.2	8.93	5.3	8.97	NaN	NaN	2
HMAC502_07	3.61	10.81	5.77	9.03	2.57	3.22	2
HMAC502_08	3.13	7.64	4.74	8.24	NaN	NaN	1
HMAC502_09	3.27	7.94	4.68	8.6	NaN	NaN	2
HMAC504_01	3.37	11.43	5.91	9.66	NaN	NaN	1
HMAC504_02	3.57	12.19	5.95	9.83	2.73	4.21	1
HMAC504_03	3.42	11.73	6.45	11.51	NaN	NaN	1
HMAC504_04	3.2	11.67	6.73	10.61	NaN	NaN	1
HMAC504_05	3.18	9.24	4.76	8.95	NaN	NaN	1
HMAC504_06	3.44	11.46	6.94	10.75	NaN	NaN	1
HMAC504_07	3.43	13.65	7.1	10.79	NaN	NaN	1
HMAC504_08	2.89	11.3	6.22	9.54	NaN	NaN	1
HMAC504_09	3.03	11.01	5.08	9.77	NaN	NaN	1
HMAC504_10	3.08	9.86	5.46	8.98	NaN	NaN	1
HMAC505_01	3.4	12.32	5.36	10.47	NaN	NaN	1
HMAC505_02	3.63	12.94	5.06	11.25	NaN	NaN	2
HMAC505_03	3.35	10.88	4.46	10.25	NaN	NaN	2
HMAC505_04	2.93	11.28	4.53	9.22	NaN	NaN	1
HMAC505_05	3.2	11.53	5.81	10.43	NaN	NaN	2
HMAC505_06	3.03	10.98	6.53	8.95	NaN	NaN	1
HMAC505_07	3.4	11.45	5.49	10.37	4.08	4.15	2
HMAC505_08	3.3	11.94	4.59	10.88	3.59	3.72	1
HMAC505_09	3.1	12.76	5	11.05	NaN	NaN	1
HMAC506_01	3.46	13.91	6.56	11.78	4.14	3.52	2
HMAC506_02	3.06	11.81	7.03	11.14	NaN	NaN	2
HMAC506_03	3.4	12.62	6.01	10.92	NaN	NaN	2
HMAC506_04	3.19	12.72	7.21	10.51	NaN	NaN	2
HMAC506_05	2.64	13.42	5.62	9.78	2.46	2.97	2
HMAC506_06	3.4	11.29	4.76	10.15	4.81	5.42	2
HMAC506_07	4.03	13.68	6.22	11.29	NaN	NaN	2
HMAC506_08	3.03	11.4	5.12	10.75	NaN	NaN	2
HMAC507_01	3.3	8.72	4.87	7.85	NaN	NaN	2
HMAC507_02	3.08	11.1	5.81	8.87	NaN	NaN	1
HMAC507_03	3.09	10.62	7.23	9.25	1.68	3.12	1
HMAC507_04	3.18	10.76	5.35	8.45	NaN	NaN	2
HMAC507_05	2.81	10.99	5.87	8.47	NaN	NaN	1
HMAC507_06	3.02	10.39	5.95	8.57	3.25	2.88	2
HMAC507_07	2.72	9.34	4.59	6.98	3.15	3.38	2
HMAC507_08	3.07	9.83	5.61	8.23	3.2	2.64	1
HMAC507_09	3.43	9.36	6.01	7.1	NaN	NaN	2
HMAC508_01	3	11.06	7.17	10.88	NaN	NaN	1
HMAC508_02	3.27	10.58	6.53	11.03	2.84	2.86	2
HMAC508_03	3.19	10.46	5.79	8.12	NaN	NaN	1
HMAC508_04	3.22	9.92	6.55	9.82	NaN	NaN	1
HMAC508_05	3.26	12.55	6.68	10.05	2.76	3.21	1
HMAC508_06	3.25	10.52	8.01	8.7	NaN	NaN	1
HMAC508_07	3.24	9.8	5.12	9.42	NaN	NaN	2
HMAC508_08	3.49	9.28	6.63	8.83	3.1	3.16	1
HMAC508_09	2.78	8.85	6.29	7.78	NaN	NaN	1
HMAC508_10	2.83	11.67	7.63	8.87	2.98	2.85	NaN
HMAC510_01	3.26	10.35	5.94	10.35	2.53	3.77	2
HMAC510_02	3.28	10.09	5.39	9.79	NaN	NaN	2
HMAC510_03	2.91	10.79	6.34	8.74	NaN	NaN	2
HMAC510_04	3.5	10.1	5.65	9.66	NaN	NaN	2
HMAC510_05	3.6	11.05	6.94	9.22	NaN	NaN	2
HMAC510_06	3.39	10.3	5.44	9.38	NaN	NaN	2
HMAC510_07	3.01	9.45	4.6	8.13	NaN	NaN	2
HMAC510_08	2.95	8.09	4.19	7.85	NaN	NaN	2
HMAC510_09	3.06	8.22	4.54	7.85	NaN	NaN	2
HMAC510_10	1.8	7.83	3.55	5.86	NaN	NaN	2
HMAC601_01	3.45	9.95	6.22	8.2	NaN	NaN	1
HMAC601_02	3.46	9.09	5.53	7.69	NaN	NaN	1
HMAC601_03	3.13	10.53	6.18	9.2	NaN	NaN	1
HMAC601_04	3.16	8.15	4.55	8.27	NaN	NaN	1
HMAC601_05	3.2	10.78	4.08	8.65	NaN	NaN	1
HMAC601_06	3.13	10.65	4.76	8.72	NaN	NaN	1
HMAC601_07	3	9.35	5.59	8.74	NaN	NaN	1
HMAC601_08	2.7	10.48	5.57	8.69	NaN	NaN	1
HMAC601_09	2.94	10	6.25	8.26	NaN	NaN	1
HMAC601_10	2.95	9.27	4.99	8.34	2.5	2.57	1
HMAC602_01	4.1	10.81	6.49	9.71	NaN	NaN	1
HMAC602_02	3.83	11.53	6.04	8.97	2.44	2.73	1
HMAC602_03	4.02	11.48	6.85	10.32	3.33	2.83	1
HMAC602_04	3.83	10.86	4.69	8.61	2.47	2.9	1
HMAC602_05	3.83	11.73	6.22	9.3	2.3	2.61	1
HMAC602_06	3.3	10.14	5.12	8.67	3.15	2.5	1
HMAC602_07	3.66	9.91	4.44	8.54	2.07	2.72	1
HMAC602_08	3.2	9.46	6.47	8.75	2.17	2.15	1
HMAC602_09	3.44	10.15	4.69	8.66	2.35	2.86	1
HMAC602_10	3.27	9.6	4.95	7.73	2.66	3.51	1
HMAC603_01	3.39	10.54	5.73	8.99	NaN	NaN	1
HMAC603_02	3.62	10.04	6.11	9.15	3.44	3.04	1
HMAC603_03	3.33	10.85	5.6	9.37	3.29	2.75	1
HMAC603_04	3.3	11.1	7.15	9.46	3.07	3.3	1
HMAC603_05	3.56	11.38	7.19	9.57	NaN	NaN	1
HMAC603_06	3.61	11.11	6.12	9.62	3.33	3.13	1
HMAC603_07	3.18	9.01	5.84	8.18	3.48	3	1
HMAC603_08	3.48	9.81	5.45	8.87	3.42	3.64	1
HMAC603_09	2.59	9.85	4.75	8.79	2.63	2.94	2
HMAC603_10	2.89	10.02	4.72	10.28	3.1	2.73	1
HMAC604_01	3.37	13.08	6.6	9.5	4.05	3.91	1
HMAC604_02	3.41	13.26	6.51	10.2	2.2	3.66	1
HMAC604_03	3.05	9.88	4.75	8.19	3.23	4.03	2
HMAC604_04	2.77	11.36	6.05	8.74	4.18	3.35	1
HMAC604_05	4.69	14.24	6.55	11.39	4.25	4.2	2
HMAC604_06	3.54	12.3	6.8	10.12	5.24	4.21	1
HMAC604_07	3.34	13.81	7.17	9.83	3.7	3.93	2
HMAC604_08	3.43	11.68	6.43	10.21	NaN	NaN	2
HMAC604_09	3.58	12.54	5.26	9.57	NaN	NaN	2
HMAC604_10	3.73	NaN	NaN	NaN	3.89	4.23	2
HMAC605_01	3.37	13.38	6.72	8.95	3.13	3.49	1
HMAC605_02	4.12	13.86	7.4	10.28	6.1	4.26	1
HMAC605_03	3.24	12.68	6.06	9.69	NaN	NaN	1
HMAC605_04	3.95	13.51	6.16	11.24	NaN	NaN	2
HMAC605_05	3.68	12.83	6.93	10.13	NaN	NaN	2
HMAC605_06	3.6	12.62	5.29	10.16	NaN	NaN	2
HMAC605_07	3.43	13.02	7.49	10.55	4.45	2.98	2
HMAC605_08	3.52	12.1	5.1	10.45	NaN	NaN	2
HMAC605_09	4.09	12.73	5.43	10.45	NaN	NaN	2
HMAC605_10	3.37	11.81	5.1	10.55	NaN	NaN	2
HMAC606_01	3.5	9.5	5.15	8.53	NaN	NaN	1
HMAC606_02	3.41	9.84	5.2	8.57	3.01	3.07	1
HMAC606_03	2.83	10.3	5.67	8.65	3.37	2.69	2
HMAC606_04	3.06	10.5	5.26	9.91	3.07	2.81	1
HMAC606_05	3.26	10.06	6.18	8.5	2.99	2.38	1
HMAC606_06	3.25	9.44	5.91	7.92	3.25	3.39	1
HMAC606_07	2.98	11.17	6.5	9.04	NaN	NaN	1
HMAC606_08	3.06	9.93	6.04	9.18	NaN	NaN	1
HMAC606_09	3.1	9.93	5.38	8.71	NaN	NaN	1
HMAC606_10	3.2	7.88	4.73	8	2.85	3.29	1
HMAC607_01	4	10.46	6.85	8.79	2.64	2.52	1
HMAC607_02	4.3	13.06	5.24	10.2	2.16	2.75	1
HMAC607_03	3.79	11.48	5.15	9.41	1.47	2.78	2
HMAC607_04	4.19	10.32	6.47	9.92	1.77	2.49	2
HMAC607_05	3.96	10.02	5.75	8.57	NaN	NaN	1
HMAC607_06	4.28	11.58	5.79	10.24	1.9	2.64	2
HMAC607_07	3.7	10.77	3.58	10.09	3.07	2.57	2
HMAC607_08	3.46	12.31	5.25	9.83	2.33	2.09	1
HMAC607_09	4.46	10.89	4.14	11.13	NaN	NaN	2
HMAC607_10	3.61	10.53	4.62	9.17	1.69	2.32	2
HMAC608_01	3.1	8.88	4.86	8.42	2.65	2.84	1
HMAC608_02	2.9	9.27	4.69	9.02	2.65	3.66	1
HMAC608_03	3.03	8.01	5.59	7.28	3.3	3.74	1
HMAC608_04	2.35	9.39	4.38	9.01	NaN	NaN	1
HMAC608_05	2.43	8.69	5.46	8.01	NaN	NaN	1
HMAC608_06	2.68	8.02	5.78	6.25	2.87	3.4	1
HMAC608_07	2.35	9.67	5.32	7.97	NaN	NaN	1
HMAC608_08	2.74	7.76	4.35	7.89	2.94	3.99	1
HMAC608_09	2.7	8.31	5.54	6.97	3.39	3.08	1
HMAC609_01	3.43	9.91	6.02	8.68	2.28	3.64	1
HMAC609_02	3.32	11.78	5.65	10.07	3.57	3.18	1
HMAC609_03	3.23	9.97	3.37	8.37	2.7	3.67	1
HMAC609_04	3.06	9.62	4.8	8.54	4.15	4.19	1
HMAC609_05	3.46	10.23	5.65	8.98	3.22	3.26	1
HMAC609_06	2.99	10.15	5.4	10.16	2.35	3.09	2
HMAC609_07	3.08	10.48	6.3	9.88	2.45	3.71	1
HMAC609_08	3.02	10.96	5.22	10.39	3.23	2.99	2
HMAC609_09	3.22	8.13	2.89	9.23	NaN	NaN	1
HMAC609_10	2.65	10.44	5.49	8.75	NaN	NaN	1
HMAC610_01	3.62	11.36	6.07	8.71	4.02	3.22	2
HMAC610_02	3.02	10.79	5.62	9.22	NaN	NaN	2
HMAC610_03	3.16	11.49	5.8	8.78	4.28	3.33	1
HMAC610_04	2.63	11.65	6.61	8.42	NaN	NaN	1
HMAC610_05	3.41	12.06	6.47	7.87	3.37	3.84	1
HMAC610_06	2.83	10.13	5.37	8.17	3.64	3.2	1
HMAC610_07	3.82	11.29	5.01	8.75	3.72	3.83	2
HMAC610_08	2.26	7.78	3.96	6.74	NaN	NaN	1
HMAC610_09	2.77	11.12	5.85	8.53	NaN	NaN	1
HMAC610_10	2.73	9.48	4.45	7.41	NaN	NaN	1
HMAC611_01	3.14	9.89	4.69	8.31	1.6	3.56	2
HMAC611_02	3.02	8.06	4.33	8.53	NaN	NaN	2
HMAC611_03	3.76	9.76	4.75	9.35	1.98	3.48	2
HMAC611_04	3.23	10.41	4.99	9.45	NaN	NaN	1
HMAC611_05	2.78	9.57	4.49	7.97	2.09	3.1	1
HMAC611_06	3.83	10.38	5.49	9.89	NaN	NaN	2
HMAC611_07	3.13	9.28	4.47	7.77	NaN	NaN	2
HMAC611_08	3.13	7.86	3.83	7.62	NaN	NaN	2
HMAC611_09	3.53	9.7	5.11	8.24	1.86	3.67	2
HMAC611_10	3.36	9.19	5.08	8.24	NaN	NaN	2
HMAC801_01	2.79	10.93	7.14	8.81	2.64	3.31	1
HMAC801_02	3.39	10.2	4.97	8.69	NaN	NaN	1
HMAC802_01	2.3	11.01	6	9.69	1.39	1.96	1
HMAC802_02	2.73	11.57	6.99	9.15	1.89	2.79	1
HMAC802_03	2.79	11.75	6.16	9.48	1.9	2.68	2
HMAC802_04	2.75	10.62	5.01	8.96	2.45	2.69	2
HMAC802_05	2.74	9.5	3.94	7.76	NaN	NaN	1
HMAC802_06	3.04	9.62	3.37	8.1	2.44	2.14	1
HMAC802_07	2.83	8.67	4.63	7.33	2.57	2.6	1
HMAC802_08	2.96	11.41	5.7	9.63	2.96	3.68	1
HMAC802_09	2.8	11.62	5.57	9.78	NaN	NaN	1
HMAC803_01	2.66	9.28	5.85	6.12	NaN	NaN	2
HMAC803_02	3.12	8.22	4.03	8.85	1.96	2.42	1
HMAC803_03	2.92	NaN	NaN	NaN	NaN	NaN	2
HMAC901_01	2.87	11.34	6.16	9.88	3.68	2.64	1
HMAC901_02	3.2	12.49	5.22	9.55	NaN	NaN	1
HMED101_01	2.28	8.92	3.73	7.12	2.1	2.53	1
HMED101_02	2.08	8.04	6.44	5.51	NaN	NaN	1
HMED101_03	2.36	9.29	5.17	7.2	2.29	2.47	1
HMED101_04	2.5	8.91	4.87	7.65	NaN	NaN	1
HMED101_05	2.11	8.09	4.39	6.06	NaN	NaN	1
HMED101_06	2.88	9.32	5.35	8.47	NaN	NaN	2
HMED101_07	2.26	8.56	4.94	7.28	NaN	NaN	1
HMED101_08	2.18	8.12	4.65	6.57	NaN	NaN	1
HMED101_09	2.3	8.73	5.05	8.08	NaN	NaN	2
HMED101_10	2.35	9.08	3.59	7.36	NaN	NaN	1
HMED201_01	2.51	10.16	5.45	7.35	2.21	2.68	1
HMED201_02	2.72	10.61	6.04	7.93	2.73	2.93	1
HMED201_03	2.52	9.9	4.91	7.6	2.54	3.15	1
HMED201_04	2.59	11.86	6.63	8.15	2.7	2.93	1
HMED201_05	2.53	10.61	5.7	7.57	NaN	NaN	1
HMED201_06	2.36	10.75	6.15	7.9	NaN	NaN	1
HMED201_07	2.55	12.27	7.15	8.22	NaN	NaN	1
HMED201_08	2.38	10.9	6.88	7.75	NaN	NaN	1
HMED201_09	2.79	10.72	6.51	7.45	NaN	NaN	1
HMED201_10	2.08	11.38	6.26	8.51	2.37	2.26	1
HMED202_01	2.67	8.99	4.4	7.48	2.09	2.55	1
HMED202_02	2.4	9.43	4.5	6.61	2.7	2.64	1
HMED202_03	2.78	9.6	5.14	7.41	2.09	2.67	1
HMED202_04	2.21	7.09	3.76	6.67	2.49	2.23	1
HMED202_05	2.11	7.65	4.18	6.27	1.88	2.55	1
HMED202_06	2.39	7.26	4.95	6.64	2.32	2.85	1
HMED202_07	2.29	8.34	4.64	6.74	1.81	2.42	1
HMED202_08	2.83	7.6	4.07	6.55	2.51	3.08	1
HMED202_09	2.53	9.03	4.58	7.94	2.17	2.96	2
HMED202_10	2.65	7.74	4.45	7.31	2.52	2.76	1
HMED204_01	2.95	8.86	5.01	8.39	NaN	NaN	1
HMED204_02	2.69	8.92	5.41	8.12	2.17	3.06	1
HMED204_03	2.81	10.91	5.36	8.29	2.52	2.83	1
HMED204_04	2.68	10.18	5.01	8.42	2.07	2.35	1
HMED204_05	2.27	8.59	5.8	8.13	NaN	NaN	1
HMED204_06	2.5	9.53	5.15	7.61	2.4	2.56	1
HMED204_07	2.67	9.51	5.19	8.21	NaN	NaN	1
HMED204_08	2.52	10.22	5.95	8.28	NaN	NaN	1
HMED204_09	3.08	10.32	5.46	9.05	3.06	3.39	1
HMED204_10	2.89	10.45	5.66	8.24	2.67	3.11	1
HMED205_01	2.7	9.43	4.94	8.37	NaN	NaN	1
HMED205_02	2.61	9.35	5.68	8.02	NaN	NaN	1
HMED205_03	2.62	9.69	5.16	8.63	2.59	2.79	1
HMED205_04	2.88	10.03	5.04	8.63	NaN	NaN	1
HMED205_05	2.55	NaN	NaN	NaN	NaN	NaN	1
HMED205_06	2.56	8.7	5.01	7.06	2.11	2.89	1
HMED205_07	2.55	9.29	4.97	7.1	NaN	NaN	1
HMED205_08	2.6	10.07	5.25	8.37	NaN	NaN	2
HMED205_09	2.36	8.7	4.58	7.43	NaN	NaN	1
HMED205_10	2.65	9.06	4.79	7.9	NaN	NaN	1
HMED206_01	3.53	10.05	4.09	8.77	NaN	NaN	2
HMED206_02	3.45	10.16	5.64	8.45	2.55	3.99	1
HMED206_03	3.35	10.16	4.68	8.56	2.93	4.16	1
HMED206_04	2.82	9.2	4.09	8.7	2.91	3.71	1
HMED206_05	2.96	10.61	4.86	9.26	2.24	3.04	1
HMED206_06	3.28	8.91	4.12	8.36	2.33	3.57	1
HMED206_07	2.88	9.11	4.23	8.89	2.45	3.06	1
HMED206_08	3.19	9.22	4.64	8.95	NaN	NaN	2
HMED206_09	3.29	9.79	4.31	9.21	2.33	2.37	1
HMED206_10	3.5	8.24	4	10.57	NaN	NaN	2
HMED207_01	1.6	8.67	5.34	7.43	NaN	NaN	1
HMED207_02	2.4	8.71	5.46	7.34	NaN	NaN	1
HMED207_03	1.97	8.89	5.03	7.07	2.22	2.97	1
HMED207_04	1.99	6	3.03	6.46	2.65	2.62	1
HMED207_05	2.26	8.54	4.61	7.1	2.54	3.04	1
HMED207_06	2.09	8.26	4.69	6.78	NaN	NaN	1
HMED207_07	2.24	8.19	4.91	6.73	2.42	3.26	1
HMED207_08	2	6.94	3.81	5.69	NaN	NaN	1
HMED208_01	2.57	9.48	5.12	8.77	NaN	NaN	2
HMED208_02	2.64	8.93	4.46	8.58	NaN	NaN	2
HMED208_03	2.48	8.37	5.1	7.55	2.34	3.03	1
HMED208_04	2.85	8.75	5.13	8.98	1.82	3.56	2
HMED208_05	2.58	8.8	4.69	7.81	NaN	NaN	1
HMED208_06	2.54	8.02	4.27	7.68	1.82	2.89	1
HMED208_07	2.77	8.31	4.2	8.7	NaN	NaN	2
HMED208_08	2.35	8.84	5.51	8.41	NaN	NaN	2
HMED208_09	2.38	8.82	5.09	8.73	NaN	NaN	2
HMED208_10	2.75	9.39	5.76	8.47	NaN	NaN	1
HMED210_01	3.06	9.43	4.53	8.95	NaN	NaN	2
HMED210_02	2.86	8.47	4.02	8.35	1.85	2.77	2
HMED210_03	2.65	7.85	3.96	7.83	NaN	NaN	1
HMED210_04	2.91	8.91	4.31	8.36	1.62	3.66	2
HMED210_05	2.57	8.57	4.48	8.35	1.61	2.79	2
HMED210_06	2.69	7.73	4.4	7.87	2.08	2.18	2
HMED210_07	2.81	7.95	4.05	8.42	1.94	3.08	2
HMED210_08	2.78	8.8	3.59	7.7	NaN	NaN	2
HMED210_09	2.72	7.73	3.69	7.78	NaN	NaN	2
HMED210_10	2.69	8.8	4.36	9.11	NaN	NaN	2
HMED301_01	2.27	9.03	4.13	8.55	1.69	3.26	1
HMED301_02	2.29	8.3	3.99	7.81	1.91	2.32	1
HMED301_03	2.38	10.04	5.69	9.01	1.57	2.56	1
HMED301_04	2.57	8.74	3.94	9.18	NaN	NaN	1
HMED301_05	2.37	9.43	4.89	8.44	2.1	2.8	1
HMED301_06	2.26	9.27	4.71	8.49	1.52	2.54	1
HMED301_07	2.64	9.8	5.45	8.71	1.66	2.67	2
HMED301_08	2.49	9.39	4.92	7.6	1.56	3.59	1
HMED301_09	2.09	8.77	5.08	7.11	1.65	2.48	1
HMED301_10	2.3	8.6	4.76	8.19	1.93	3.2	1
HS001_01	2.17	10.11	6.73	8.42	NaN	NaN	1
HS001_02	2.07	9.89	4.84	8.18	NaN	NaN	1
HS001_03	1.93	8.66	4.45	7.18	NaN	NaN	1
HS001_04	2.32	9.15	4.51	7.86	NaN	NaN	1
HS001_05	2.47	9.19	3.99	7.95	NaN	NaN	1
HS001_06	2.51	9.7	4.05	7.07	1.79	2.31	1
HS001_07	2.54	10.44	4.91	8.17	NaN	NaN	2
HS001_08	2.51	9.52	5.58	8.23	NaN	NaN	1
HS001_09	2.41	9.41	4.97	7.83	NaN	NaN	1
HS001_10	2.44	9.61	4.67	7.77	NaN	NaN	1
HS101_01	2.89	9.68	6.06	7.96	NaN	NaN	1
HS101_02	3.01	9.16	5.02	6.89	2.77	1.98	1
HS101_03	2.79	9.24	5.01	8.43	3.28	1.55	1
HS101_04	3.1	9.99	4.85	9.18	4.09	1.7	1
HS101_05	2.59	6.56	3.9	6.19	NaN	NaN	1
HS102_01	2.59	9.93	5.6	6.83	3.31	2.47	NaN
HS102_02	2.74	9.06	4.57	6.89	NaN	NaN	NaN
HS102_03	2.86	10.24	4.69	7.21	3.77	2.17	NaN
HS102_04	2.89	9.26	6.66	8.05	NaN	NaN	NaN
L001_01	3.4	10.23	6.21	10.29	NaN	NaN	3
L001_02	3.06	9.38	5.7	9.31	1.67	2.53	2
L001_03	3.15	10.33	5.35	8.44	1.68	2.35	2
L001_04	2.68	9.44	5.84	7.86	1.77	2.08	2
L001_05	2.98	10.32	5.45	9.81	NaN	NaN	2
L001_06	2.87	9.23	5.33	7.67	2.18	2.92	2
L001_07	2.4	10.15	4.55	8.42	NaN	NaN	2
L001_08	3.17	10.15	5.99	10.13	NaN	NaN	2
L002_01	3.3	8.12	3.83	8.16	2.09	3.39	2
L002_02	3.13	8.15	4.26	9.4	2.13	3.25	2
L002_03	2.98	8.7	4.42	8.93	2.44	3.98	2
L002_04	3.17	7.95	4.71	8.04	2.27	3.47	2
L002_05	3.24	9.44	5.06	8.98	2.02	3.21	2
L002_06	3.48	9.68	5.43	9.29	NaN	NaN	2
L002_07	3.43	9.72	4.85	8.91	2.03	3.35	2
L002_08	3.36	9.94	5.47	9.38	1.92	3.24	2
L002_09	2.95	8.96	5.14	8.45	2.11	2.93	1
L002_10	3.06	9.78	4.73	9.46	2.45	3.47	2
L003_01	2.85	8.44	4.97	8.3	NaN	NaN	2
L003_02	2.8	9.44	5.38	9.11	1.87	2.53	2
L004_01	2.9	10.38	5.11	8.45	NaN	NaN	2
L004_02	3.23	10.26	5.58	8.68	NaN	NaN	2
L004_03	2.73	9.71	5.47	8.46	NaN	NaN	2
L004_04	2.89	8.66	4.32	6.92	NaN	NaN	2
L004_05	2.87	9.42	5.12	7.73	1.54	2.09	2
L004_06	2.55	8.39	4.52	7.63	NaN	NaN	2
L004_07	2.85	9.1	5.01	7.97	NaN	NaN	2
L004_08	2.54	9.76	5.68	7.57	1.66	2.01	2
L004_09	2.99	9.93	5.85	9	NaN	NaN	2
L004_10	3.01	10.09	5.38	8.33	NaN	NaN	3
L005_01	2.27	7.9	5.57	6.74	NaN	NaN	1
L005_02	2.56	8.99	5.07	7.8	NaN	NaN	2
L005_03	2.4	6.81	4.44	6.49	1.75	2.75	2
L005_04	2.41	8.37	5.46	8.2	NaN	NaN	2
L005_05	2.24	8.39	3.88	7.61	NaN	NaN	2
L005_06	2.82	8.2	4.23	8.17	NaN	NaN	2
L005_07	2.25	8.51	5.02	7.03	NaN	NaN	2
L005_08	2.68	7.56	3.67	8.21	NaN	NaN	2
L005_09	2.34	8.38	5.46	8.36	NaN	NaN	2
L005_10	2.23	7.32	4.85	7.03	NaN	NaN	1
L006_01	3.21	11.09	5.42	8.6	1.64	2.82	2
L006_02	2.99	9.79	5.56	8.29	1.56	2.79	2
L006_03	2.89	10.04	5.23	8.31	NaN	NaN	2
L006_04	3.07	9.89	6.05	8.31	1.6	3.41	2
L006_05	3.01	8.95	4.86	8.04	1.9	3.54	2
L006_06	2.68	8.66	4.64	8.07	1.69	2.96	2
L006_07	2.89	9.7	6.01	8.72	1.62	2.81	2
L006_08	3.43	11.25	6.54	8.27	1.84	2.92	2
L006_09	3.01	9.45	4.93	7.57	1.59	4.06	2
L006_10	2.85	10.38	5.28	8.21	1.65	2.44	2
L007_01	2.78	8.98	4.72	7.78	2.43	3.3	2
L007_02	2.56	9.08	4.34	7.93	NaN	NaN	2
L007_03	2.96	9.82	5.55	8.66	2.44	2.04	2
L007_04	2.94	8.6	3.53	8.32	NaN	NaN	2
L007_05	3.26	9.24	5.2	8.33	NaN	NaN	2
L007_06	2.92	8.57	5.66	8.11	NaN	NaN	2
L007_07	2.87	10.13	5.39	8.42	NaN	NaN	2
L007_08	3.01	9.02	5.51	7.72	NaN	NaN	2
L007_09	3.28	9.88	5.6	9.21	2.57	2.53	3
L007_10	2.95	9.58	4.71	8.66	NaN	NaN	2
L009_01	2.47	9.95	5.12	9.6	NaN	NaN	2
L009_02	2.17	9.76	5.82	8.5	NaN	NaN	2
L009_03	3.2	10.66	4.97	10.21	NaN	NaN	2
L010_01	3.22	11.6	6.46	10.07	NaN	NaN	2
L010_02	3.36	10.46	5.74	10.02	NaN	NaN	2
L010_03	2.79	8.71	5.5	6.81	NaN	NaN	2
L011_01	2.46	7.6	4.37	8.11	1.95	2.74	2
L011_02	2.5	7.73	4.52	8.57	NaN	NaN	2
L011_03	2.59	8.73	5.53	8.64	1.85	2.45	2
L011_04	2.56	7.07	4.16	7.18	1.86	2.33	2
L011_05	2.44	8.41	4.91	8.67	1.7	2.44	2
L011_06	2.95	8.63	5.9	8.46	1.98	2.76	2
L011_07	2.75	8.15	4.24	8.96	NaN	NaN	2
L011_08	2.7	7.71	4.77	8.23	NaN	NaN	2
L011_09	2.94	8.58	4.63	8.89	NaN	NaN	2
L101_01	3.03	8.49	5.43	8.5	2.07	2.51	2
L101_02	2.99	9.27	5.05	9.23	NaN	NaN	3
L101_03	3.18	8.84	4.55	8.82	1.87	2.25	3
L101_04	2.56	7.69	3.41	7.76	NaN	NaN	2
L101_05	2.91	8.94	5.84	7.86	NaN	NaN	2
L101_06	3.1	8.38	4.72	8.28	NaN	NaN	2
L101_07	2.84	8.58	4.48	9.61	1.97	2.53	2
L101_08	2.95	9.22	4.15	8.06	NaN	NaN	2
L101_09	2.83	7.18	3.41	7.98	NaN	NaN	3
L102_01	2.37	9.89	5.07	8.25	NaN	NaN	2
L103_01	3.13	9.93	4.78	9.49	2.14	1.97	3
L103_02	2.72	8.99	4.58	7.97	NaN	NaN	3
L103_03	2.54	9.71	4.51	8.64	NaN	NaN	2
L104_01	2.28	7.89	4.73	6.51	1.38	1.62	2
L104_02	2.25	8.2	4.07	7.05	1.54	1.69	2
L104_03	2.18	8.58	4.34	7.27	NaN	NaN	2
L104_04	2.22	7.71	3.12	6.12	1.5	1.78	2
L104_05	2.78	7.84	4.43	6.85	NaN	NaN	2
L104_06	2.21	7.95	4.78	6.56	1.3	1.8	2
L104_07	2.14	9.41	5.28	7.71	1.45	1.63	2
L104_08	2.77	7.07	4.53	7.04	NaN	NaN	2
L104_09	2.4	8.66	4.58	7.39	1.49	1.4	2
L104_10	2.44	8.46	4.59	7.69	NaN	NaN	2
L107_01	2.97	8.94	4.56	7.51	1.99	2.57	NaN
L107_02	3.24	9.09	4.53	8.57	2.07	2.44	NaN
L107_03	3.17	9.55	4.76	8.08	2.03	2.58	NaN
L107_04	3.13	9.66	4.25	8.18	1.94	2.86	NaN
L107_05	2.75	8.91	4.56	7.59	NaN	NaN	NaN
L107_06	2.94	9.29	4.71	7.58	NaN	NaN	NaN
L108_01	2.34	9.21	3.87	8.17	1.64	1.99	2
L108_02	2.35	8.54	4.35	8.07	1.7	2.19	2
L108_03	2.37	7.74	3.78	7.4	1.99	2.28	1
L108_04	2.73	8.64	5.77	8.76	NaN	NaN	2
L108_05	2.67	8.31	4.55	7.97	NaN	NaN	2
L108_06	2.48	8.07	5.26	7.64	NaN	NaN	2
L109_01	2.75	10	5.22	7.76	NaN	NaN	1
L109_02	2.99	9.26	4.95	8.01	NaN	NaN	2
L109_03	2.95	9.33	6.27	7.1	NaN	NaN	2
L109_04	2.86	9.53	5.32	8.59	1.89	2.61	2
L109_05	3.21	10.2	5.4	8.73	NaN	NaN	2
L109_06	3.05	9.74	4.68	8.08	NaN	NaN	2
L109_07	2.68	9.53	5.34	7.93	NaN	NaN	1
L109_08	3.11	9.92	4.8	9.48	NaN	NaN	2
L109_09	2.64	8.53	4.72	7.75	NaN	NaN	2
L201_01	3.1	10.27	5.4	9.2	NaN	NaN	2
L201_02	3.23	11.33	5.81	9.63	2.23	3.73	2
L201_03	3.21	9.37	6.39	9.61	NaN	NaN	2
L201_04	3.16	9.46	6.2	9.27	NaN	NaN	2
L201_05	3.31	9.35	5.95	7.93	NaN	NaN	2
L201_06	3.13	9.51	4.63	8.95	2.01	2.94	2
L201_07	3.07	9.8	3.96	9.18	1.9	2.4	2
L201_08	3.23	9.74	5.45	9.16	2.03	3.67	2
L201_09	3.31	9.45	6.18	8.72	NaN	NaN	2
L201_10	3.25	9.17	5.82	8.06	1.7	3	2
L202_01	3.1	9.17	4.83	9.14	1.85	1.72	2
L202_02	3.06	9.83	4.82	9.4	1.94	1.82	2
L202_03	2.97	9.61	4.74	8.31	1.75	2.47	2
L202_04	2.76	8.49	4.8	8.4	NaN	NaN	2
L202_05	2.71	8.17	4.43	7.77	NaN	NaN	2
L202_06	3.17	8.91	4.81	9.14	1.78	1.76	2
L202_07	3.3	8.51	4.15	8.12	1.75	1.52	2
L202_08	3.1	8.86	4.31	8.06	2.24	2.57	2
L202_09	3.5	8.73	3.92	9.35	1.94	1.89	2
L202_10	3.04	8.3	3.97	8.06	NaN	NaN	2
L203_01	2.43	8.07	4.68	7.12	NaN	NaN	2
L203_02	2.53	9.1	4.83	8.31	2.05	3.71	3
L203_03	2.57	8.23	4.22	7.7	2.83	3.31	2
L203_04	2.09	7.79	4.87	6.7	NaN	NaN	1
L203_05	2.33	8.2	4.58	7.96	2.41	3.07	2
L203_06	2.15	9.49	5.68	8.17	NaN	NaN	2
L203_07	2.88	9.39	5.5	7.88	2.8	3.49	2
L203_08	2.62	7.24	4.44	7.68	NaN	NaN	2
L203_09	2.35	7	4.42	7.23	NaN	NaN	2
L204_01	3.78	9.99	4.77	9.99	2.18	3.11	2
L204_02	3.89	10.75	6.22	10.66	2.48	2.59	2
L204_03	3.61	10.41	5.83	9.97	1.94	2.67	2
L204_04	3.63	11.1	5.28	10.53	2.42	3.26	2
L204_05	3.02	9.5	4.95	8.15	1.77	2.8	2
L204_06	2.98	9.49	4.97	8.66	2.22	3.58	3
L204_07	3.4	10.29	5.32	9.91	2.32	3.16	2
L204_08	3.37	10.38	5.62	10.44	2.29	3.09	2
L204_09	3.46	10.33	5.21	10.43	2.46	3.13	2
L204_10	3.79	10.15	5.15	9.75	2.29	2.89	2
L205_01	2.78	9.8	5.55	10.75	NaN	NaN	2
L205_02	3.29	10.61	4.86	9.49	2.4	3.34	2
L205_03	3.01	10.1	5.57	9.91	NaN	NaN	2
L205_04	3.39	8.34	4.08	9.39	2.55	2.8	2
L205_05	3.21	9.34	4.73	9.84	NaN	NaN	2
L205_06	2.97	9.68	5.34	9.19	2.08	3.2	2
L205_07	3.24	9.52	4.86	9.57	NaN	NaN	2
L205_08	2.82	8.91	3.95	8.71	NaN	NaN	1
L205_09	3.05	9.77	4.55	10.53	NaN	NaN	2
L206_01	3.79	9.48	5.2	9.51	2.16	3.35	2
L206_02	3.14	9.68	5.08	9.79	2.03	2.78	2
L206_03	3.01	8.3	4.8	8.3	NaN	NaN	2
L206_04	3.36	9.83	5.54	9.76	NaN	NaN	2
L206_05	3.04	8.92	4.95	9	1.62	2.33	2
L206_06	3.5	9.63	4.4	9.26	1.67	3.35	2
L206_07	3.43	9.55	5.52	8.43	NaN	NaN	2
L206_08	3.56	9	5.06	8.08	1.62	3.16	2
L206_09	3.23	8.56	4.22	8.59	1.84	2.75	2
L206_10	3.52	9.67	4.62	8.91	1.99	3.38	2
L207_01	3.17	9.21	4.22	8.2	NaN	NaN	2
L207_02	3.23	7.56	3.57	8.17	2.2	3.21	2
L207_03	3.31	8.71	4.8	8.85	NaN	NaN	2
L207_04	3.29	9.4	5.55	8.98	2.42	3.03	2
L207_05	3.27	8.1	4.03	8.2	2.32	2.78	2
L207_06	3.01	8.39	4.4	7.45	1.94	2.45	2
L207_07	3.09	8.11	4.32	8.75	NaN	NaN	2
L207_08	3.14	8.79	4.9	8.82	2.91	2.83	2
L207_09	3.85	7.17	4.37	8.2	NaN	NaN	2
L207_10	3.28	7.92	3.44	7.55	2.17	3.71	2
L208_01	3.22	9.7	4.13	8.61	2.74	2.8	2
L208_02	2.87	8.6	4.06	7.65	2.49	2.95	1
L208_03	3.15	8.39	3.92	7.98	NaN	NaN	2
L208_04	2.97	8.72	4.13	7.8	2.07	3.09	2
L208_05	3.28	8.95	4.57	8.64	2.46	3.18	2
L208_06	3.21	NaN	NaN	NaN	NaN	NaN	2
L208_07	2.77	7.57	3.95	7.02	2.12	3.08	1
L208_08	2.89	8.51	3.96	7.75	2.7	2.9	1
L209_01	2.75	8.51	4.01	7.93	2.37	2.69	2
L209_02	2.95	8.04	4.17	8.5	2.06	3.02	2
L209_03	2.98	8.98	4.77	8.68	2.04	3.09	2
L209_04	2.77	8.89	4.16	8.34	2.22	2.42	2
L209_05	2.89	8.97	4.8	8.29	2.18	3.15	2
L209_06	3.11	7.87	3.99	8.22	2.07	3.15	3
L209_07	2.83	9.46	5.29	8.17	2.22	2.74	2
L209_08	3.01	9.09	4.96	8.65	2.04	2.85	2
L209_09	2.74	9.03	4.78	8.39	2.08	2.75	2
L209_10	2.83	8.73	4.55	7.84	1.64	2.5	2
L210_01	2.49	9.07	5.04	8.3	NaN	NaN	2
L210_02	2.79	8.92	5.35	9.4	2.28	2.27	2
L210_03	2.88	8.68	5.36	8.24	NaN	NaN	2
L210_04	2.76	9.52	5.33	8.61	NaN	NaN	3
L210_05	2.49	8.2	4.19	8	2.2	2.94	2
L210_06	2.59	7.91	4.38	7.59	NaN	NaN	2
L210_07	2.93	9.44	5.73	8.33	2.51	2.95	2
L210_08	2.75	8.66	4.43	8.52	2.39	2.61	2
L301_01	2.73	8.83	6.01	7.35	1.5	2.57	2
L301_02	2.73	10.35	6.08	8.41	1.92	3.27	2
L301_03	2.38	8.7	4.13	7.09	NaN	NaN	1
L301_04	2.14	8.16	4.39	7.48	NaN	NaN	2
L301_05	2.35	8.74	5.1	7.63	NaN	NaN	2
L301_06	2.74	8.81	4.09	8.12	NaN	NaN	2
L301_07	2.36	8.37	4.15	7.32	NaN	NaN	1
L301_08	2.42	8.76	4.94	7.65	1.82	3.06	2
L301_09	2.57	8.37	4.21	7.99	NaN	NaN	2
L301_10	2.59	9.26	3.99	8.55	NaN	NaN	2
L302_01	2	9.31	5.01	8.38	2.19	3.01	2
L302_02	2.21	10.95	4.68	8.7	NaN	NaN	2
L302_03	2.19	11.54	5.08	8.68	NaN	NaN	2
L302_04	2.04	9.26	4.63	8.36	2.13	2.39	2
L302_05	2.25	8.96	5.03	7.83	1.91	2.35	1
L302_06	2.32	10.71	5.55	8.93	2.17	2.92	2
L302_07	1.9	9.25	4.41	7.47	1.94	3.15	2
L302_08	2.25	11.25	4.96	7.55	2.71	2.8	2
L302_09	2.26	9.08	4.6	9.16	NaN	NaN	2
L302_10	1.91	9.27	4.52	8.5	NaN	NaN	2
L303_01	3.59	10.32	6.23	10.3	2.51	2.9	2
L303_02	3.4	8.35	4.43	8.33	2.35	3.01	2
L303_03	2.98	8.86	4.5	8.33	NaN	NaN	2
L303_04	3.01	9.63	5.53	9.7	2.75	3.66	2
L303_05	3.43	11	5.82	9.28	NaN	NaN	3
L303_06	3.14	10	6.5	9.72	2.31	2.45	3
L303_07	3.21	9.11	5.77	9.67	2.26	2.05	3
L303_08	2.54	9.85	6.62	8.07	2.25	2.46	2
L304_01	3.09	9.67	5.6	9.19	2.32	2.35	2
L304_02	3.58	9.81	4.72	8.53	NaN	NaN	2
L305_01	3.02	10.63	4.81	9.67	1.7	3.4	2
L305_02	2.82	9.84	6.19	9.13	NaN	NaN	2
L305_03	2.98	10.74	5.23	9.57	NaN	NaN	3
L305_04	3.18	10.78	5.91	9.27	1.59	2.46	2
L305_05	3.69	10.48	5.95	9.58	1.8	2.66	2
L305_06	2.95	11	5.43	10.41	NaN	NaN	2
L305_07	3.33	9.7	5.56	10.26	NaN	NaN	2
L305_08	3.51	10.09	4.9	9.17	NaN	NaN	2
L305_09	3.59	11.11	6.3	10.26	1.77	3.33	2
L306_01	3.12	9.57	5.35	10.61	NaN	NaN	3
L306_02	2.38	9.1	4.68	8.98	NaN	NaN	3
L306_03	2.88	9.55	4.98	9.46	2.45	3.31	3
L306_04	3.03	9.59	4.38	8.1	2.1	4.5	2
L306_05	2.57	10.01	4.84	8.37	NaN	NaN	2
L306_06	2.72	10.17	5.42	9.87	NaN	NaN	3
L307_01	2.53	9.62	5.98	8.13	1.77	3.2	1
L307_02	2.91	10.52	7.16	8.42	1.87	3.37	2
L307_03	2.72	9.25	5.42	8.58	NaN	NaN	2
L307_04	2.91	9.98	5.84	9.44	2.08	3.99	2
L307_05	2.33	9.36	5.17	7.78	NaN	NaN	2
L307_06	3.07	8.97	4.8	8.36	1.94	3.71	2
L307_07	2.72	11.61	7.22	9.43	NaN	NaN	2
L307_08	2.62	9.01	5.17	8.92	NaN	NaN	2
L307_09	2.89	10.61	7.24	8.38	NaN	NaN	2
L307_10	2.79	8.7	5.18	9.32	NaN	NaN	2
L309_01	3.14	9.73	4.3	9.63	2.62	2.14	3
L309_02	2.97	9.41	6.53	9.72	NaN	NaN	3
L309_03	3.07	10.15	5.69	9.22	NaN	NaN	2
L309_04	2.88	9.12	4.73	10	NaN	NaN	3
L309_05	2.98	10.39	5.29	9.7	NaN	NaN	3
L309_06	3.05	8.69	4.49	8.38	NaN	NaN	3
L309_07	2.53	9.12	3.44	8.76	NaN	NaN	4
L309_08	3.08	9.77	5.22	9.17	NaN	NaN	3
L310_01	3.08	9.06	4.88	9.37	NaN	NaN	2
L310_02	2.72	10.22	5.19	9.15	NaN	NaN	2
L310_03	1.71	NaN	NaN	NaN	NaN	NaN	2
L310_04	2.98	10.62	5.52	10.05	NaN	NaN	2
L310_05	2.49	9.55	4.93	9.11	NaN	NaN	2
L310_06	2.72	9.59	4.91	7.35	NaN	NaN	2
L310_07	2.18	8.55	5.29	8.43	NaN	NaN	2
L310_08	2.64	10.55	5.36	10.53	NaN	NaN	2
L401_01	2.89	9.14	5.1	6.65	2.38	3.18	2
L401_02	2.78	10.22	4.9	8.08	2.1	3	2
L401_03	2.99	8.94	4.68	6.47	2.55	3.35	2
L401_04	3.05	8.67	4.47	6.72	2.33	3.15	2
L401_05	2.89	9.83	5	6.89	2.27	3.09	2
L401_06	3	9.09	4.68	6.86	2.35	3.05	2
L401_07	2.93	10.14	5.75	8.33	2.55	3.31	2
L401_08	2.47	9.92	4.67	7.04	2.69	2.98	2
L401_09	2.85	9.13	4.59	7.03	2.08	2.95	2
L401_10	2.59	9.41	4.55	6.64	2.24	3.07	2
L405_01	3.06	8.74	4.96	9	2.21	3.07	2
L405_02	2.97	9.21	5.19	8.98	2.28	3.69	2
L405_03	3.35	9.88	4.94	9.3	2.22	3.02	2
L405_04	3.1	9.94	5.04	8.77	2.11	2.78	2
L405_05	3.27	9.39	5.28	8.81	2.24	2.85	2
L405_06	3.2	7.93	3.76	6.67	2.38	2.93	2
L405_07	2.76	7.7	4.19	8.23	NaN	NaN	2
L405_08	3.3	8.34	4.12	7.6	2.01	3.35	2
L405_09	2.75	8.06	4.98	7.67	NaN	NaN	2
L405_10	2.44	7.66	4.11	7.21	NaN	NaN	2
L406_01	3.13	8.19	4.37	7.49	NaN	NaN	2
L406_02	2.74	7.33	4.29	6.63	NaN	NaN	NaN
L406_03	2.96	8.56	3.3	7.15	NaN	NaN	2
L406_04	3.19	9.03	4.66	8.03	2.38	3.05	2
L407_01	2.8	10.75	5.76	9.96	2.12	2.84	2
L407_02	2.87	9.58	4.45	8.87	NaN	NaN	1
L407_03	2.68	8.52	4.56	8.19	NaN	NaN	1
L407_04	2.63	9.68	5.18	8.79	2.68	2.92	1
L407_05	2.66	8.68	4.92	8.39	2.21	2.42	1
L407_06	2.97	9.78	4.84	8.92	NaN	NaN	2
L407_07	2.89	9.37	4.67	9.75	NaN	NaN	2
L407_08	3.23	10.01	5.01	10.41	NaN	NaN	2
L407_09	3.19	9.89	6.29	10.83	NaN	NaN	2
L407_10	2.63	9.62	5.37	9.63	NaN	NaN	1
L408_01	3.43	9.38	5.03	7.99	2.25	2.95	2
L408_02	3.91	9.13	4.21	7.81	2.21	2.41	2
L408_03	3.87	10.19	5.2	9.24	2.48	3.16	2
L408_04	4.16	9.55	5.57	8.07	3.2	4.49	3
L408_05	4.13	9.97	3.84	8.38	2.73	3.05	2
L408_06	3.93	9.78	5.23	8.7	NaN	NaN	3
L408_07	3.9	8.91	4.19	7.42	2	2.79	3
L408_08	3.76	9.87	4.7	7.9	2.45	2.82	2
L408_09	4.26	10.68	4.73	9.13	2.19	2.63	2
L408_10	3.8	10.26	4.59	8.72	2.01	3.05	3
L409_01	2.73	9.27	4.68	6.79	NaN	NaN	2
L409_02	3.21	7.81	3.89	6.05	NaN	NaN	2
L409_03	3.34	9.37	5.16	7.5	2.67	3.85	2
L409_04	3.53	9.04	5	7.27	NaN	NaN	2
L409_05	3.52	9.5	4.37	7.67	2.14	3.27	3
L409_06	3.34	9.31	5.83	7.71	NaN	NaN	2
L409_07	2.59	7.71	4.58	7.24	NaN	NaN	2
L409_08	2.92	8.5	4.79	7.07	NaN	NaN	3
L409_09	3	10.31	5.82	7.24	NaN	NaN	2
L409_10	3.36	9.07	4.86	7.64	NaN	NaN	3
L410_01	2.47	10.18	5.46	7.47	NaN	NaN	1
L410_02	2.86	10.67	6.65	8.95	2.57	2.74	2
L410_03	2.57	9.87	5.17	7.61	NaN	NaN	2
L410_04	2.7	9.83	5.52	8.94	2.62	2.64	2
L410_05	2.55	9.05	6.2	7.78	NaN	NaN	1
L410_06	2.92	11.42	6.21	9.52	NaN	NaN	2
L410_07	3.07	10.89	6.82	9.24	2.28	2.98	2
L410_08	2.72	9.71	6.04	8.2	NaN	NaN	2
L410_09	2.67	9.97	6.43	8.62	NaN	NaN	2
L410_10	2.53	9.87	5.38	8.59	NaN	NaN	2
L501_01	3	8.64	5.08	9.44	NaN	NaN	2
L501_02	2.9	10.16	5.88	9.31	NaN	NaN	2
L501_03	2.74	9.39	5.01	9.09	NaN	NaN	2
L501_04	3.33	9.79	5.23	9.95	NaN	NaN	2
L501_05	2.93	9.9	4.57	8.81	NaN	NaN	2
L501_06	2.63	9.26	4.19	10.07	NaN	NaN	2
L501_07	2.83	9.42	4.81	9.88	NaN	NaN	2
L501_08	3.03	10.35	5.14	10.48	NaN	NaN	2
L501_09	3.47	10.61	5.65	9.68	NaN	NaN	1
L502_01	3.12	9.41	4.9	7.83	NaN	NaN	2
L502_02	3.07	9.88	3.75	7.16	NaN	NaN	2
L502_03	3.2	9.25	5.33	8.26	NaN	NaN	2
L502_04	3.52	9.83	4.49	8.47	NaN	NaN	2
L502_05	3.49	NaN	NaN	NaN	NaN	NaN	2
L502_06	3.29	10.92	3.98	8.42	2.12	3.36	2
L502_07	3.29	9.44	4.38	9.11	1.83	3.29	2
L502_08	3.14	10.43	5.4	8.7	NaN	NaN	2
L502_09	2.92	10.63	4.79	9.87	NaN	NaN	2
L502_10	3.24	9.33	5.24	7.63	NaN	NaN	2
L503_01	2.53	9.75	5.58	8.68	NaN	NaN	2
L503_02	2.47	9.46	5.09	8.51	2.06	4.07	1
L503_03	3.03	10.02	3.74	8.81	NaN	NaN	2
L503_04	2.76	9.92	4.74	9.08	2.11	4.38	2
L503_05	2.93	9.73	5.39	9.11	2.15	3.89	2
L503_06	2.83	10.75	5.2	8.95	NaN	NaN	2
L503_07	3.03	9.42	5.32	9.46	2.29	4.55	2
L503_08	3.12	10.21	4.74	9.33	1.89	3.95	2
L503_09	2.86	8.68	4.12	8.81	NaN	NaN	2
L503_10	3.15	10.98	5.07	9.06	NaN	NaN	1
L504_01	3.48	9.86	6.06	9.03	2.19	3.82	2
L504_02	2.28	10.37	6.3	7.92	NaN	NaN	1
L504_03	3.56	9.39	5.66	9.2	2.02	4.04	2
L504_04	3.62	9.22	5.45	9.27	NaN	NaN	2
L504_05	3.37	8.93	4.94	7.65	NaN	NaN	2
L504_06	4	9.11	5.54	8.79	2.7	4.32	2
L504_07	3.83	9.89	5.86	9.65	2.65	4.58	2
L504_08	3.51	8.86	5.07	9.15	2.33	4.19	2
L504_09	3.67	9.86	5.23	9.71	2.39	4.76	2
L504_10	2.7	11.11	4.52	9.14	NaN	NaN	1
L505_01	3.45	8.83	5.54	8.82	2.01	3.4	2
L505_02	3.1	7.43	2.88	7.83	NaN	NaN	2
L505_03	3.25	7.99	4.2	8.77	NaN	NaN	2
L505_04	3.71	7.7	4.39	7.57	NaN	NaN	2
L505_05	3.16	8.07	5.56	7.88	2.05	3.6	2
L505_06	2.7	8.43	6.16	8.06	2.08	3.08	2
L505_07	3.3	7.74	5.24	7.84	2.16	4.12	2
L505_08	3.53	8.46	5.23	8.44	2.16	3.88	2
L505_09	3	7.5	3.15	6.62	2.11	3.58	2
L505_10	3.62	8.84	5.56	8.85	NaN	NaN	2
L506_01	3.46	9.41	4.78	9.04	NaN	NaN	2
L506_02	3.46	10.4	5.76	9.36	NaN	NaN	2
L506_03	3.53	9.59	4.72	9.04	NaN	NaN	2
L506_04	3.61	10.07	5.62	9.32	NaN	NaN	2
L506_05	3.07	10.07	5.13	9.29	NaN	NaN	2
L506_06	3.27	10.25	6.07	9.16	NaN	NaN	2
L506_07	3.44	10.49	5.72	8.44	2.46	3.02	3
L506_08	3.19	11.48	6	9.33	2.41	3.78	2
L506_09	3.55	9.46	4.09	8.61	2.28	3.31	2
L506_10	4.24	11.12	4.78	10.39	2.33	3.13	3
L507_01	3.36	9.32	6.23	9.82	NaN	NaN	2
L507_02	3.02	8.97	4.69	9.13	NaN	NaN	2
L507_03	3.16	10.64	6.11	9.35	1.88	3.27	2
L507_04	2.84	8.25	4.09	8.37	NaN	NaN	2
L507_05	2.97	9.09	4.35	9.58	1.87	3.67	2
L507_06	2.92	8.71	5.14	8.74	NaN	NaN	2
L507_07	2.97	7.66	4.45	7.76	NaN	NaN	2
L507_08	2.93	9.17	4.87	10.16	NaN	NaN	2
L507_09	2.87	8.48	4.08	8.49	NaN	NaN	2
L507_10	3.4	9.76	5.24	9.38	NaN	NaN	3
L508_01	3.38	10.85	5.31	8.79	NaN	NaN	2
L508_02	3.08	10.76	5.99	10.07	2.26	2.89	3
L508_03	3.17	9.81	5.54	9.36	NaN	NaN	2
L508_04	3.35	10.27	5.41	8.47	NaN	NaN	2
L508_05	3.33	10.68	5.74	9.27	NaN	NaN	2
L509_01	3.15	10.13	6.23	9.87	2.21	2.86	2
L509_02	3.22	8.4	5.82	9.07	NaN	NaN	2
L509_03	3.43	9.41	5.13	9.5	2.86	3.67	2
L509_04	3.53	10.22	5.86	9.51	2.73	4.25	2
L509_05	2.8	8.6	4.91	9.64	NaN	NaN	2
L509_06	3.56	10.66	6.69	10.38	NaN	NaN	2
L509_07	3.72	10.68	5.78	9.55	2.21	3.1	3
L509_08	3.52	8.79	5.15	8.99	NaN	NaN	3
L509_09	3.32	9.56	5.84	9.81	NaN	NaN	2
L509_10	3.26	9.46	5.75	10.23	NaN	NaN	2
L510_01	3.73	8.84	5.29	10.32	NaN	NaN	2
L510_02	2.84	9.52	5.3	9.3	NaN	NaN	3
L510_03	3.1	9.43	4.38	8.9	NaN	NaN	2
L510_04	3.22	9.67	4.48	9.75	2.37	3.15	3
L510_05	3.66	10.24	5.36	9.99	NaN	NaN	3
L510_06	3.96	9.66	5.4	9.15	NaN	NaN	3
L510_07	4.31	9.71	6.26	9.88	2.21	3.42	3
L510_08	3.73	9.4	5.22	10.55	NaN	NaN	3
L510_09	3.51	10.25	4.85	10.08	NaN	NaN	2
L510_10	3.69	8.89	4.66	9.72	NaN	NaN	2
L601_01	3.53	10.45	6.28	9	1.8	3.74	2
L601_02	3.63	10.83	6.12	9.13	NaN	NaN	2
L601_03	2.89	11.12	7.1	8.57	NaN	NaN	2
L601_04	3.4	9.75	6.44	7.88	NaN	NaN	2
L601_05	3.48	11.08	6.74	10.17	NaN	NaN	3
L601_06	3.25	11.57	8.01	8.94	NaN	NaN	3
L601_07	2.93	9.98	5.32	8.7	NaN	NaN	2
L601_08	3.23	9.91	5.6	9.34	NaN	NaN	2
L601_09	3.41	11.64	6.97	9.17	NaN	NaN	2
L601_10	2.71	10.07	5.2	8.27	NaN	NaN	2
L602_01	3.42	9.65	5.36	10.51	3.49	3	2
L602_02	3.7	9.77	5.48	9.79	2.49	3.66	2
L602_03	3.22	8.63	4.97	8.21	2.41	3.7	1
L602_04	3.66	10.84	6.14	9.46	2.55	3.7	2
L602_05	3.49	9.65	5.11	9.74	2.35	3.73	2
L602_06	3.77	9.96	5.33	9.99	2.63	3.06	2
L602_07	3.3	8.86	4.13	9.58	NaN	NaN	2
L602_08	3.53	8.92	4.51	9.22	2.64	3.15	2
L602_09	3.46	9.25	4.7	8.91	2.23	2.84	2
L602_10	3.03	8.89	4.33	8.92	2.46	3.69	2
L603_01	4.05	10.08	5.14	8.51	1.45	2.42	3
L603_02	4.03	10.81	4.34	9.92	2.02	2.85	2
L603_03	4.63	11.47	5.76	8.53	NaN	NaN	2
L603_04	4.33	10.08	4.95	8.95	1.53	2.41	3
L603_05	3.86	9.18	5.25	9.32	1.67	2.83	2
L603_06	4.36	9.02	5.04	8.58	1.68	2.9	2
L603_07	3.69	8.64	4.22	7.7	1.38	2.53	3
L603_08	3.99	10.32	4.83	9.25	1.79	3.77	2
L603_09	4.44	8.54	4.26	8.67	1.72	2.84	2
L603_10	3.37	8.65	4.9	8.28	NaN	NaN	3
L604_01	3.23	10.58	5.56	9.56	1.85	1.95	2
L604_02	3.63	10.28	6.04	9.2	1.53	2.57	2
L604_03	3.6	10.45	5.52	9.77	1.98	2.48	2
L604_04	3.32	11.15	5.15	9.3	1.37	1.79	2
L604_05	3.37	10.44	4.15	9.46	2.07	1.94	2
L604_06	3.58	10.72	4.6	9.51	1.64	2.06	2
L604_07	2.95	9.97	4.04	10.04	1.44	1.69	2
L604_08	3.23	10.22	4.22	9.26	2.29	1.84	2
L604_09	3.54	10.38	5.14	7.87	1.32	2.06	2
L604_10	3.54	10.37	5.73	9.03	NaN	NaN	2
L605_01	3.17	9.23	5.07	9.06	NaN	NaN	2
L605_02	3.79	10.78	5.97	9.45	NaN	NaN	2
L605_03	4.03	9.81	4.37	9.47	NaN	NaN	2
L605_04	3.17	9.68	5.7	9.62	NaN	NaN	2
L605_05	3.27	10.01	5.24	9.35	2.09	2.62	2
L605_06	2.8	8.96	5.79	8.02	NaN	NaN	1
L605_07	3.47	9.77	5.24	9.68	NaN	NaN	2
L605_08	3.58	10.81	6.57	10.56	NaN	NaN	2
L605_09	3.38	9.71	5.25	8.35	NaN	NaN	2
L605_10	3.2	9.68	4.87	8.86	2.04	3.18	2
L606_01	3.66	10.78	5.79	8.32	1.6	2.45	2
L606_02	4.06	9.67	5.02	8.92	2.13	2.92	2
L606_03	3.83	10.64	4.58	9.89	1.58	1.74	3
L606_04	4	10.52	5.11	9.21	1.75	2.37	2
L606_05	4.1	9.81	5.06	9.71	NaN	NaN	2
L606_06	4.04	10.47	5.37	10.17	1.79	2.8	3
L606_07	3.63	9.65	4.19	9.23	1.8	2.87	2
L606_08	4.47	10.99	6.84	10.28	NaN	NaN	2
L606_09	3.72	9.92	4.78	9.63	1.86	2.07	2
L606_10	4.07	10.28	4.95	8.65	1.77	2.51	2
L607_01	3.93	9.68	4.12	8.78	2.12	2.82	3
L607_02	3.53	12.02	7.77	10.64	1.64	2.19	2
L607_03	3.5	10.98	6.4	10.63	2.32	2.1	2
L607_04	3.58	11.35	5.62	9.47	2.14	2.06	2
L607_05	3.15	11.12	4.81	9.86	1.72	1.92	3
L607_06	2.81	11.96	6.13	9.87	2.09	1.71	2
L607_07	3.8	11.37	6.06	9.28	2.14	2.45	2
L607_08	3.86	11.11	7.51	9.8	1.79	1.98	2
L607_09	3.46	11.43	6.31	8.96	2.35	2.41	2
L607_10	3.84	10.1	6.06	9.82	1.83	2.1	2
L608_01	3.29	10.52	4.74	10.18	2.53	3.54	2
L608_02	3.86	11.07	6.52	10.32	2.32	3.55	2
L608_03	3.17	9.01	4.62	8.41	2.37	3.66	2
L608_04	3.13	10.1	5.11	9.41	2.27	4.01	2
L608_05	3.44	10.5	5.97	9.86	2.06	3.86	2
L608_06	3.4	10.26	5.62	9.9	2.41	4.16	2
L608_07	3.34	10.07	5.48	9.09	1.91	4.07	2
L608_08	3.1	10.9	6.23	9.69	2.22	3.62	2
L608_09	3.26	9.93	4.29	9.44	2.02	3.81	2
L609_01	3.18	10.65	6.27	9.28	NaN	NaN	2
L609_02	3.47	10.38	5.1	8.19	1.82	2.73	2
L609_03	4.31	12.03	6.45	9.5	0.96	2.17	2
L609_04	3.69	11.31	6.26	8.01	1.33	2.19	2
L609_05	3.93	10.33	4.74	8.08	NaN	NaN	3
L609_06	3.29	10.82	6.28	8.43	NaN	NaN	2
L609_07	3.56	11.9	6.19	9.01	1.87	2.17	2
L609_08	3.93	11.62	6.66	8.94	2.02	3.32	2
L609_09	3.77	11.39	5.34	8.55	NaN	NaN	2
L609_10	3.4	11.25	4.97	8.66	1.56	2.17	2
L610_01	3.83	10.03	4.67	8.93	2.07	3.37	2
L610_02	4.49	10.44	5.42	9.13	NaN	NaN	2
L610_03	4.03	10.69	5.95	8.7	1.78	4.1	2
L610_04	3.87	9.42	4.42	9.02	1.64	3.14	3
L610_05	4.04	10.26	5.03	8.66	2.18	3.63	2
L610_06	3.73	10.75	6.19	9.53	2.22	3.69	2
L610_07	3.8	10.61	6.41	9.11	1.82	3.73	2
L610_08	3.73	9.4	4.19	9.26	1.63	3.23	2
L610_09	4.26	11.24	5.95	10.29	2.12	3.1	2
L610_10	4.19	11.21	6.43	10.07	2.24	3.61	2
L701_01	3.83	9.66	5.84	9.15	2.78	3.64	2
L701_02	2.9	9.44	5.46	8.53	2.55	3.77	2
L701_03	2.9	10.22	4.73	9.38	2.73	3.57	2
L701_04	3.49	11.43	5.66	11.17	2.54	3.36	2
L701_05	4.02	9.19	4.53	9.81	NaN	NaN	2
L701_06	3.6	10.67	6.24	10.86	2.51	3.29	2
L701_07	3.83	11.16	7.08	9.97	2.66	3.68	2
L701_08	3.31	10.76	5.15	9.32	2.07	2.63	2
L701_09	3.5	10.76	5.66	9.99	NaN	NaN	2
L701_10	4.13	11.61	6.23	10.37	3.09	3.25	2
L702_01	3.13	9.87	5.41	9.6	2.66	3.04	2
L702_02	3.53	10.03	5.13	8.73	2.03	3.6	2
L702_03	3.17	9.81	5.19	9.3	2.09	3.93	2
L702_04	3.26	9.03	4.72	8.8	1.94	3.53	2
L702_05	3.03	9.05	4.71	8.58	NaN	NaN	1
L702_06	3.1	8.72	4.43	9.2	2.66	3.09	2
L702_07	3.26	9.1	5.18	8.5	2.35	3.23	2
L702_08	3.26	9.12	4.85	9.1	NaN	NaN	2
L702_09	3.59	9.61	5.27	9.01	2.48	3.83	2
L703_01	3.12	7.21	3.29	8.98	1.95	3.49	2
L703_02	3.35	8.11	3.75	9.32	NaN	NaN	3
L703_03	2.72	7.74	3.82	7.58	1.75	2.66	3
L703_04	3.18	9.16	4.57	8.96	2.21	2.29	3
L703_05	2.66	6.8	3.32	7.76	1.68	1.96	2
L703_06	2.81	7.98	4.45	8.38	1.65	3.1	2
L703_07	3.35	8.54	4.41	8.54	1.75	2.97	2
L703_08	3.03	6.8	3.57	7.84	1.55	3.14	2
L703_09	3.14	8.85	4.97	8.76	1.96	2.98	2
L704_01	3.74	8.62	4.83	9.92	2.12	2.98	2
L704_02	3.2	8.83	3.77	8.95	1.95	2.65	2
L704_03	3.2	9.19	4.55	9.34	1.87	3.52	2
L704_04	3.45	9.81	5.8	9.9	2.3	2.61	2
L704_05	3.38	9.87	4.88	9.25	2.16	3.41	2
L704_06	3.1	9.44	6.13	9.76	1.95	2.79	3
L704_07	3.2	8.98	4.3	9.24	2.17	2.85	2
L704_08	3.26	9.71	5.21	9.13	2.21	3.54	2
L704_09	3.33	8.34	5.46	8.78	NaN	NaN	2
L704_10	3.43	9.83	5.94	9.85	2.31	3.48	2
L705_01	3.04	9.28	5.24	9.42	1.97	2.82	2
L705_02	2.77	8.62	4.55	8.26	NaN	NaN	2
L705_03	3.56	7.98	4.42	8.77	NaN	NaN	2
L705_04	3.23	8.22	5.74	9.58	1.98	2.65	2
L705_05	3.49	8.43	4.4	9.23	NaN	NaN	2
L705_06	3.23	7.04	3.82	8.12	2.02	2.99	2
L705_07	3.5	9.52	5.96	9.52	2.17	3.4	2
L705_08	3.63	8.66	5.22	8.53	1.66	2.91	2
L705_09	2.97	8.78	5.35	8.88	2.13	3.2	NaN
L706_01	4.03	9.51	4.22	8.61	1.88	3.03	2
L706_02	3.9	9.98	4.77	9.94	1.73	2.17	2
L706_03	3.71	12.43	7.43	10.87	1.98	2.34	2
L706_04	3.82	11.23	5.68	9.42	2.23	2.41	1
L706_05	4.1	11.09	6.12	10.83	1.99	3.24	1
L706_06	4.15	11.38	7.86	11.41	1.76	2.27	1
L706_07	3.76	12.55	6.34	10.7	1.85	2.45	2
L706_08	3.93	12.05	6.25	10.34	1.86	2.69	2
L706_09	4.03	11.14	5.62	9.9	1.68	2.68	2
L706_10	3.74	10.02	5.05	9.64	1.96	2.92	1
L708_01	3.8	12.44	7.12	10.32	2.41	3.18	2
L708_02	3.43	10.98	6.74	11.07	NaN	NaN	2
L708_03	3.96	10.85	5.73	11.01	2.23	3.16	2
L708_04	3.25	9.43	4.55	9.23	1.92	2.69	2
L708_05	3.73	11.53	6	10.65	2.43	3.39	2
L708_06	3.72	10.66	6.3	10.01	2.38	3.29	2
L708_07	3.63	10.87	7.06	10.54	2.48	2.81	2
L708_08	3.89	11.13	6.03	11.42	2.29	3.29	2
L708_09	3.47	9.37	5.88	10.24	2.03	2.61	2
L708_10	3.55	11.22	5.91	9.9	2.27	3.4	2
L709_01	3.86	9.69	5.28	9.79	1.73	2.04	2
L709_02	3.83	10.6	5.52	10.15	1.54	1.99	2
L709_03	3.64	9.6	4.12	9.11	1.49	2.09	2
L709_04	3.4	10.39	5.47	9.85	1.6	2.13	2
L709_05	4.06	9.61	5.09	9.46	1.82	2.32	2
L709_06	3.6	11.14	6.5	9.17	1.53	2.45	2
L709_07	3.63	9.81	5.13	8.74	1.76	2.54	2
L709_08	3.23	10.48	5.16	9.75	2.27	1.76	2
L709_09	3.86	9.3	4.41	9.03	2.31	1.77	2
L709_10	3.53	10.42	5.94	9.67	NaN	NaN	2
L710_01	3.23	9.21	4.97	9.71	1.43	1.98	2
L710_02	4.13	10.41	4.48	9.51	1.81	2.96	2
L710_03	3.74	10.79	6	10.16	1.7	2.49	2
L710_04	3.43	10.18	4.45	9.44	1.32	2.13	2
L710_05	3.84	8.95	4	8.83	1.61	2.2	2
L710_06	3.57	10.34	5.52	9.08	1.51	2.36	2
L710_07	3.58	8.74	4.69	8.39	1.62	2.3	2
L710_08	3.43	8.77	5.27	8.51	1.16	1.99	2
L710_09	3.66	9.94	4.43	8.87	1.75	2.21	2
L710_10	3.2	9.21	4.29	8.5	1.75	2.65	2
L801_01	2.8	10.56	5.76	9.74	NaN	NaN	2
L801_02	2.88	11.3	5.47	9.23	NaN	NaN	2
L801_03	2.92	9.73	5.07	8.67	NaN	NaN	2
L801_04	3.32	11.26	5.49	10.07	2.39	1.85	2
L801_05	2.83	10.52	7.18	8.08	2.08	2.37	1
L801_06	2.78	9.53	6.62	8.62	NaN	NaN	1
L801_07	3.05	10.38	5.72	9.51	NaN	NaN	2
L804_01	2.68	9.2	4.3	9.91	NaN	NaN	2
L804_02	3.68	9.58	4.88	9.45	NaN	NaN	2
L804_03	3.04	8.86	3.71	8.82	2.73	2.99	2
L804_04	3.14	10.84	5.01	10.03	1.93	2.14	2
L804_05	3.08	11.38	5.71	10.4	NaN	NaN	2
L805_01	2.51	7.64	4.3	7.18	1.16	1.99	2
L805_02	3.32	10.43	6.26	9.44	1.41	2.77	2
L805_03	2.41	8.17	3.1	7.68	1.34	2.5	2
L805_04	2.9	8.93	4.53	8.79	1.37	2.72	3
L805_05	2.98	8.37	5.18	7.51	1.01	2.06	2
L805_06	2.72	7.77	3.59	7.6	1.48	3.15	2
L805_07	2.96	8.76	5.02	8.45	1.51	2.46	2
L805_08	2.5	9.11	4.79	8.94	1.71	2.76	2
L805_09	2.38	9.53	5.71	8.51	0.97	1.35	2
L805_10	2.5	7.92	4.44	8.14	1.28	2.03	2
L806_01	3.05	10.34	5.31	11.12	NaN	NaN	2
L806_02	3.42	9.62	3.62	8.85	1.76	2.52	3
L806_03	2.99	10.53	5.72	9.35	NaN	NaN	2
L806_04	2.93	10.63	3.82	9.86	NaN	NaN	2
L806_05	3.38	10.15	4.14	9.82	1.73	2.25	2
L806_06	3.32	10.13	4.99	9.2	NaN	NaN	3
L806_07	3.02	11.19	5.1	9.75	1.96	2.54	2
L806_08	3.18	11.1	6.53	10.08	1.58	2.17	3
L807_01	3.18	10.1	5.13	9.65	NaN	NaN	NaN
L807_02	2.9	10.26	6.96	9.03	1.43	1.67	NaN
L807_03	3.18	10.39	5.5	10.02	0.81	1.47	NaN
L807_04	2.95	9.67	5.2	8.58	1.16	1.63	NaN
L807_05	3.3	8.93	3.5	9.19	NaN	NaN	NaN
L807_06	3.25	9.02	3.29	8.99	1.43	2.08	NaN
L808_01	2.78	10.29	5.91	9.02	2.07	2.37	2
L808_02	3.04	10.3	5.98	8.56	2.04	3.23	1
L808_03	3.08	8.97	4.25	7.83	1.78	2.58	1
L808_04	3.12	11.05	4.57	8.57	1.92	2.58	2
L810_01	3.08	11.6	7.44	10.89	2.73	2.47	3
L810_02	3.17	10.34	5.08	10.22	NaN	NaN	2
L810_03	3.5	10.93	5.86	9.43	NaN	NaN	3
L901_01	2.6	11.11	5.04	10.02	1.91	2.87	2
L901_02	3.16	10.2	6.34	10.05	2.04	2.99	2
L901_03	3.01	11.33	5.94	9.53	2.23	3.05	2
L901_04	2.9	10.39	6.01	8.95	1.75	2.98	2
L901_05	2.91	9.4	5.29	8.01	1.75	2.59	2
L901_06	2.94	11	5.78	10.47	1.97	2.95	2
L901_07	3	9.22	5.94	8.89	2	3.54	2
L901_08	3.35	9.86	6.42	9.48	1.97	3.11	2
L901_09	2.76	10.21	5.43	9.37	1.57	2.65	2
L901_10	2.6	9.36	4.41	8.68	1.95	2.66	2
L902_01	2.57	8.83	4.91	8.12	1.87	3.59	2
L902_02	3.2	9.41	4.87	7.89	2.39	5.75	2
L902_03	3.2	9.77	4.96	7.81	1.8	2.88	1
L902_04	3.04	8.6	3.8	7.72	2.19	3.93	2
L902_05	2.87	8.52	4.4	7.69	1.85	3.72	1
L902_06	2.8	8.84	4.46	8.38	1.88	3.81	2
L902_07	3.06	7.01	3.55	6.75	NaN	NaN	2
L902_08	2.86	8.06	4.32	7.13	1.88	3.81	2
L903_01	2.99	8.64	3.1	8.38	1.72	2.62	2
L903_02	3.17	7.93	4.45	9.93	2.22	3.6	2
L903_03	2.64	8.76	4.4	9.86	2.25	3.3	2
L903_04	3	8.47	4.54	10.24	2.31	2.86	2
L903_05	3.08	7.78	3.9	8.36	2.03	3.31	2
L903_06	3.17	8.85	4.96	9.61	2.32	3.64	2
L903_07	3.05	7.95	4.6	9.88	2.04	3.16	2
L903_08	2.74	7.36	3.6	8.93	2.12	3.07	2
L903_09	3.09	8.14	4.9	9.05	1.89	3.63	2
L903_10	2.83	7.23	2.94	9.37	2.4	3.34	2
L904_01	2.95	9.76	6.07	8.33	2.45	3.59	2
L904_02	3.26	10.53	5.61	9.33	2.38	3.34	2
L904_03	2.91	9.73	5.63	10.03	NaN	NaN	2
L904_04	3.2	10.71	5.53	10.66	NaN	NaN	2
L904_05	3.29	10.56	5.69	9.32	2.11	3.56	2
L904_06	2.78	10.91	5.96	10.42	NaN	NaN	2
L904_07	2.31	11.63	6.52	10.56	NaN	NaN	2
L904_08	2.93	9.6	6.23	9.25	2.16	3.47	2
L904_09	3.02	10.78	6.22	9.4	1.98	3.78	2
L904_10	3.03	9.54	4.68	8.74	2.03	3.27	2
L905_01	3.4	10.38	5.95	9.48	2.18	3.35	2
L905_02	3.49	8.85	4.14	7.85	1.83	2.57	2
L905_03	3.34	10.51	5.68	9.28	1.93	3	2
L905_04	3.46	10.27	5.28	9.07	2.09	2.89	2
L905_05	3.18	9.21	4.6	8.77	2.23	3.42	2
L905_06	3.21	9.41	4.78	7.66	2.22	2.61	2
L905_07	3.68	9.75	4.65	9.5	1.99	2.5	1
L905_08	3.56	8.98	3.9	8.27	2.14	3.5	2
L905_09	3.37	9.22	5.02	8.18	2.31	3	1
L905_10	3.27	9.65	5.24	8.27	1.89	2.67	2
L906_01	3.31	13.09	7.56	10.45	NaN	NaN	2
L906_02	3.92	11.96	4.99	9.82	NaN	NaN	3
L906_03	3.13	11.92	7.29	10.28	NaN	NaN	2
L906_04	2.56	10.76	5.21	9.6	NaN	NaN	2
L906_05	3.65	12.02	7.34	9.53	NaN	NaN	2
L906_06	3.5	10.35	4.67	8.69	2.2	3.13	2
L906_07	3.82	12.35	7.18	10.3	NaN	NaN	2
L906_08	3.55	10.97	6.02	8.68	2.06	3.66	2
L906_09	3.26	13.04	7.01	10.24	NaN	NaN	2
L906_10	3.59	11.61	6.79	8.67	1.95	3.07	2
L907_01	3.93	11.9	7.72	10.52	2.6	3.16	2
L907_02	3.16	11.21	6.11	10.72	1.86	2.64	2
L907_03	2.8	9.47	5.59	8.82	2.19	2.66	2
L907_04	3.5	11.05	6.34	9.46	2.29	2.79	2
L907_05	2.99	9.8	5.69	9.58	NaN	NaN	2
L907_06	3.26	9.27	5.16	9.69	NaN	NaN	2
L907_07	3.26	10.26	5.42	9.4	NaN	NaN	2
L908_01	3.93	10.38	4.87	8.56	1.82	2.77	1
L908_02	3.84	10.64	4.74	9.06	NaN	NaN	2
L908_03	4.17	10.84	5.18	9.32	1.68	2.08	2
L908_04	4.22	11.19	6.17	9.88	1.7	2.16	2
L908_05	4.3	10.39	4.63	9.28	1.82	2.11	2
L908_06	4.09	10.53	4.34	9.95	1.65	1.99	2
L908_07	3.73	10.91	7.07	9.28	1.92	2.31	2
L908_08	4.24	10.68	5.2	9.09	1.58	1.99	2
L908_09	3.54	9.71	6.37	8.63	NaN	NaN	1
L908_10	3.83	11.24	5.52	10.24	NaN	NaN	2
L909_01	3.33	10.4	6.44	8.84	2	4.04	2
L909_02	3.43	10.08	5.98	8.41	1.57	3.45	2
L909_03	3.34	9.72	6.38	9.37	2.16	3.79	3
L909_04	3.41	7.51	4.89	7.69	2.39	3.6	2
L909_05	3.42	9.72	5.76	9.67	1.94	4.49	2
L909_06	3.24	11.07	7.31	9.14	NaN	NaN	2
L909_07	3.85	10.4	6.83	8.98	1.97	3.77	2
L909_08	3.5	9.52	5.86	9	2.02	3.64	2
L909_09	3.16	9.08	4.12	7.75	1.73	3.78	2
L909_10	3.36	10.43	5.4	8.89	2.26	2.86	2
L910_01	3.23	8.43	4.17	7.65	3.7	5.18	2
L910_02	3.03	8.26	3.91	7.7	3.16	4.13	2
L910_03	3.03	7.83	4.34	7.17	2.63	5.23	2
L910_04	2.93	7.56	2.39	7.12	4.02	4.6	2
L910_05	2.8	7.95	3.72	7.8	5.46	6.92	2
L910_06	2.28	7.54	4.6	6.38	NaN	NaN	1
L910_07	2.78	7.91	4.53	7.5	4.16	5.46	2
L910_08	2.82	8.18	5.05	7.85	NaN	NaN	2
L910_09	2.95	7	3.4	7.03	5.14	5.7	2
L910_10	2.36	7.12	3.39	6.86	6.33	4.1	2
L911_01	3.02	9.8	5.37	8.99	2.04	3.23	2
L911_02	3.1	10.18	6.28	9.05	1.86	3.37	2
L911_03	3.03	10.25	5.42	8.48	2.11	3.44	2
L911_04	3.14	9.43	4.64	8.37	2.29	3.4	2
L911_05	3.07	10.69	5.01	9.5	2.5	3.46	2
L911_06	3.45	11.14	5.48	9.85	2.3	3.4	2
L911_07	3.16	9.44	4.78	8.85	2.18	3.21	2
L911_08	2.94	9.13	4.3	8.65	2.3	3.02	2
L911_09	3.03	9.36	5.22	8.62	2.06	3.24	2
L911_10	2.74	9.73	5	8.94	2.13	3.46	2
L912_01	3.13	10.87	5.98	9.15	NaN	NaN	2
L912_02	3.19	10.97	6.77	9.96	NaN	NaN	2
L912_03	3.16	10.87	5.56	9.41	2.13	2.99	2
L912_04	3.53	9.95	5.26	8.97	2.12	3.55	2
L912_05	3.13	11.14	6.73	8.81	NaN	NaN	2
L912_06	3	10.53	5.57	9.38	2.42	3.41	2
L912_07	3.06	11.6	5.28	9.03	NaN	NaN	2
L912_08	3.53	9.97	5.64	9.64	NaN	NaN	2
L912_09	3	9.59	4.18	8.41	NaN	NaN	2
L912_10	2.84	9.84	5.14	8.98	NaN	NaN	2
M201_01	2.13	11.39	6.17	7.55	NaN	NaN	1
M201_02	1.81	10.53	7.1	6.89	NaN	NaN	1
M201_03	2	12.12	7.04	7.46	NaN	NaN	1
M201_04	2.16	11.14	7.35	7.71	NaN	NaN	1
M201_05	2.29	11.49	7.19	7.64	NaN	NaN	1
M201_06	2.14	10.72	6.79	6.79	2.12	2.31	1
M201_07	1.53	12.24	6.7	7.92	NaN	NaN	1
M201_08	2.23	10.9	6.04	7.4	2.73	3.47	1
M201_09	1.89	8.99	4.54	6.8	NaN	NaN	1
M201_10	1.82	10.39	4.95	7.4	NaN	NaN	1
M202_01	2.62	10.07	5.92	9.48	NaN	NaN	1
M202_02	2.23	10.09	5.56	8.68	NaN	NaN	1
M202_03	1.88	9.34	5.36	9.01	NaN	NaN	1
M202_04	1.87	7.53	4.03	7.7	NaN	NaN	1
M202_05	1.86	8.29	3.96	7.76	NaN	NaN	1
M202_06	2.21	7.46	3.66	7.07	NaN	NaN	1
M202_07	2.26	8.37	4.58	7.94	NaN	NaN	1
M202_08	2.27	7.33	3.67	8.12	NaN	NaN	1
M202_09	2.36	8.7	4.16	8.09	NaN	NaN	1
M202_10	2.38	8.55	4.16	7.81	NaN	NaN	1
M203_01	2.08	9.1	4.89	8.34	1.78	2.38	1
M203_02	1.81	8.09	4.19	7.84	NaN	NaN	1
M203_03	2.12	9.01	3.96	7.62	2.57	2.4	1
M203_04	2.11	8.08	4.09	7.16	2.44	2.34	1
M203_05	1.85	7.99	4.13	6.97	NaN	NaN	1
M203_06	2.1	8.08	3.85	7.36	NaN	NaN	1
M203_07	2.18	7.9	4.08	7.45	2.53	2.9	1
M203_08	1.86	8.56	4.33	6.74	1.8	2.27	1
M203_09	2.04	8.07	3.65	7.16	NaN	NaN	1
M203_10	2.3	8.63	4.8	7.53	2.12	2.65	1
M204_01	2.83	10.96	5.61	8.57	3.08	3.11	1
M204_02	2.46	10	5.92	7.99	NaN	NaN	1
M204_03	1.86	8.58	4.01	7.72	NaN	NaN	1
M204_04	2.19	10.15	5.33	8.43	NaN	NaN	1
M204_05	1.92	9.99	5.59	8.08	NaN	NaN	1
M204_06	2.38	9.3	5.79	7.32	NaN	NaN	1
M204_07	2.4	9.76	5.12	7.33	NaN	NaN	1
M204_08	2.03	10.27	5.43	8.09	NaN	NaN	1
M204_09	2.04	8.1	5.13	6.61	NaN	NaN	1
M204_10	2.02	9.86	5.02	8.25	NaN	NaN	1
M205_01	2.59	10.81	6.33	7.27	NaN	NaN	1
M205_02	2.33	9.18	4.76	6.61	4.08	4.31	1
M205_03	2.37	8.34	4.97	6.74	3.28	2.95	1
M205_04	2.56	8.17	3.93	6.05	3.32	2.93	1
M205_05	2.28	10.99	5.94	7.32	NaN	NaN	1
M205_06	2.58	9.8	5.27	7.08	NaN	NaN	1
M205_07	2.55	9.44	4.65	6.78	2.81	3.11	1
M205_08	2.5	10.3	5.58	6.67	2.5	3.06	1
M205_09	2.79	9.25	4.99	7.65	2.74	3.32	1
M205_10	2.48	10.17	5.59	7.2	3.98	3.1	1
M206_01	2.47	8.75	4.56	6.57	2.64	2.69	1
M206_02	2.42	8.8	3.65	6.71	NaN	NaN	1
M206_03	2.16	9.76	3.86	8.05	2.61	2.55	1
M206_04	2.46	9.77	3.94	7.45	NaN	NaN	1
M206_05	2.51	9.65	4.98	8.42	NaN	NaN	1
M206_06	2.26	8.38	4.26	7.27	2.55	3.41	1
M206_07	1.85	10.18	4.66	8.96	NaN	NaN	1
M206_08	2.29	9.02	4.7	7.85	2.73	2.61	1
M206_09	2.39	9.39	4.79	8.09	NaN	NaN	1
M206_10	2.4	8.52	4.09	7.76	NaN	NaN	1
M207_01	2.53	7.75	3	9.36	NaN	NaN	1
M207_02	2.16	8.3	4.33	8.78	NaN	NaN	1
M207_03	2.37	7.28	3.8	8.65	NaN	NaN	1
M207_04	2.32	8.37	4.78	9.28	NaN	NaN	1
M207_05	2.33	8.16	4.64	8.64	NaN	NaN	1
M207_06	2.18	8.45	4.41	7.9	NaN	NaN	1
M207_07	2.18	7.47	4.44	8.1	NaN	NaN	1
M207_08	2.36	8.36	4.92	8.19	2.24	2.31	1
M207_09	2.38	8.32	4.26	8.46	NaN	NaN	1
M207_10	2.52	8.03	4.35	8.52	NaN	NaN	1
M208_01	2.48	9.72	5.04	8.36	2.47	2.34	1
M208_02	2.47	9.78	5.64	8.47	NaN	NaN	1
M208_03	2.37	8.51	4.8	7.88	NaN	NaN	1
M208_04	2.72	8.16	4.4	7.56	2.64	2.43	1
M208_05	1.95	7.94	4.27	7.25	NaN	NaN	1
M208_06	1.95	6.96	4.43	7.12	NaN	NaN	1
M208_07	2.32	8.01	5.1	8.55	NaN	NaN	1
M208_08	2.32	8.08	4.67	8.24	2.76	2.93	1
M208_09	2.5	7.92	4.17	7.31	1.93	2.55	1
M208_10	2.53	7.7	5.35	7.91	1.92	2.69	1
M209_01	1.97	8.47	4.3	7.22	NaN	NaN	NaN
M209_02	2.09	7.79	4	7.16	NaN	NaN	NaN
M209_03	1.84	8.37	4.41	7.34	NaN	NaN	NaN
M209_04	2.11	8.53	4.92	7.01	NaN	NaN	NaN
M209_05	2.14	8.4	4.39	7.22	NaN	NaN	NaN
M209_06	2.1	8.6	4.3	7.57	NaN	NaN	NaN
M209_07	2.22	8.65	4.48	7.07	NaN	NaN	NaN
M209_08	1.83	8.21	4.22	6.76	NaN	NaN	NaN
M209_09	1.98	8.27	5	7.78	NaN	NaN	NaN
M209_10	1.86	8.14	3.97	6.79	NaN	NaN	NaN
M210_01	2.14	8.23	3.57	6.5	1.97	2.58	1
M210_02	2.26	8.7	3.26	7.13	2.9	3.03	1
M210_03	2.3	7.62	3.7	6.89	NaN	NaN	1
M210_04	2.21	8.56	3.66	7.28	NaN	NaN	1
M210_05	2.02	8.55	4.16	6.72	NaN	NaN	1
M210_06	2.28	8.19	4.18	6.98	NaN	NaN	1
M210_07	2.34	8.53	3.72	6.54	NaN	NaN	1
M210_08	2.1	8.67	4.16	6.69	NaN	NaN	1
M210_09	2.46	8.26	3.6	6.63	NaN	NaN	1
M210_10	2.25	8.86	3.88	7.27	2.83	3.02	1
M310_01	2.5	11.01	6.37	8.08	NaN	NaN	1
M311_01	2.56	9.89	4.93	8.81	NaN	NaN	1
M311_02	2.42	8.71	5.54	7.84	NaN	NaN	1
M311_03	2.67	9.92	5.44	9.3	NaN	NaN	1
M311_04	2.34	11.07	7.63	7.36	NaN	NaN	1
M311_05	1.94	9.45	5.74	7.01	NaN	NaN	1
M311_06	2.22	10.72	5.36	7.39	NaN	NaN	1
M311_07	2.44	11.22	5.96	9.14	2.95	3.23	1
M311_08	2.4	NaN	NaN	NaN	NaN	NaN	1
M311_09	NaN	10.99	5.74	9.26	NaN	NaN	NaN
M501_01	2.02	9.39	5.04	8.24	NaN	NaN	1
M501_02	2.65	9.42	4.54	8.59	NaN	NaN	1
M501_03	2.09	6.61	3.04	5.55	1.3	2	1
M501_04	2.62	7.81	4.34	6.03	2.05	2.68	1
M501_05	2.48	10.57	5.08	8.75	NaN	NaN	1
M501_06	2.39	9.33	3.93	7.64	1.89	2.79	1
M501_07	2.28	7.69	4.22	6.55	1.92	1.86	1
M501_08	2.07	6.86	3.62	6.17	2.21	2.06	1
M501_09	2.24	8.85	3.86	7.09	NaN	NaN	1
M501_10	1.85	7.31	4.12	5.52	2.26	2.03	1
M601_01	2.92	10.76	5.08	8.44	NaN	NaN	1
M601_02	2.9	10.08	5.41	8.43	2.46	3.4	1
M601_03	3.36	11.58	5.42	9.5	2.61	3.29	1
M601_04	2.93	9.86	5.74	7.8	2.8	3.41	1
M601_05	2.29	10.5	5.07	8.86	NaN	NaN	2
M601_06	2.63	10.4	4.62	8.73	NaN	NaN	1
M601_07	2.61	9.9	4.51	7.97	NaN	NaN	1
M601_08	2.56	10.33	4.67	8.21	3.31	3.1	1
M601_09	2.82	8.4	4.3	6.33	2.42	3.22	1
M601_10	2.83	10.26	4.66	8.28	2.6	3.48	1
M701_01	2.99	9.55	4.46	8.09	2.92	3.01	1
M701_02	3.06	11.79	6.24	8.43	2.86	3.12	1
M701_03	3.57	11.52	6.35	8.49	3.27	3.66	1
M701_04	3.26	11.62	4.93	8.62	2.54	3.2	1
M701_05	2.58	9.82	4.19	7.82	2.91	3.05	1
M701_06	2.53	10.4	5.38	7.05	2.45	3.18	1
M701_07	2.06	9.9	4.31	6.55	2.15	2.79	1
M701_08	2.83	11.21	6.24	8.55	2.6	2.95	1
M702_01	3.27	10.88	5.25	9.24	2.11	2.61	1
M702_02	3.17	10.91	4.63	9.35	3.18	3.31	1
M702_03	3.08	10.66	4.84	8.76	2.29	2.73	1
M702_04	3.4	9.93	4.32	8.57	2.51	3.17	1
M702_05	3.19	11.25	5.16	8.99	NaN	NaN	1
M702_06	3.36	11.4	6.57	9.45	2.48	2.86	1
M702_07	3.18	10.23	5.15	8.36	2.39	3.33	1
M702_08	3.19	11.42	5.15	8.27	2.52	2.53	1
M702_09	2.67	10.41	5.13	8.38	NaN	NaN	1
M702_10	3.08	10.5	5.14	9.21	2.8	3.36	1
M703_01	3.1	12.21	6.44	9.91	2.78	2.96	1
M703_02	3.11	12.45	6	10.77	2.84	3.01	1
M703_03	3.26	12.14	6.14	10.04	2.7	2.78	1
M703_04	2.84	9.92	4.12	8.83	1.97	2.92	1
M703_05	2.86	10.46	3.96	8.33	2.26	3.2	1
M704_01	3.01	13.49	6.71	10.34	1.67	1.76	1
M704_02	3.86	13.42	5.51	9.92	2	1.9	1
M704_03	3.8	13.84	6.73	10.17	2.4	2.03	1
M704_04	3.66	12.74	5.2	9.69	2.4	2.58	1
M704_05	3.14	12.37	4.72	9.02	NaN	NaN	1
M704_06	3.67	10.67	3.94	9.14	2.12	2.43	1
M704_07	3.66	13.77	6.66	9.87	2.01	2.28	1
M704_08	3.44	12.15	5.2	8.9	2.31	1.91	1
M704_09	3.56	11.12	4.65	9.7	1.91	2.01	1
M704_10	3.47	13.07	6.57	9.35	2.32	1.6	1
M705_01	1.9	9.77	4.35	8.5	NaN	NaN	1
M705_02	2.13	10.08	4.55	8.67	NaN	NaN	1
M706_01	3.16	12.08	5.96	8.83	2.37	1.93	1
M706_02	3.9	10.61	4.85	9.38	NaN	NaN	1
M706_03	3.73	12.8	5.19	9.51	1.88	2.18	1
M706_04	3.5	11.2	5.21	8.27	2.34	2.06	1
M706_05	3.66	12.98	5.87	9.41	2.19	2.21	1
M706_06	3.73	11.48	5.45	9.69	2.3	2.48	2
M706_07	3.53	13.23	6.48	9.47	2.25	2.24	1
M706_08	3.66	9.79	4.15	7.75	1.91	1.82	1
M706_09	3.76	11.85	5.46	9.64	2.6	2.71	1
M706_10	3.03	11.84	5.91	8.66	2.17	2.09	1
M707_01	3.03	12.25	4.99	9.55	2.33	3.31	1
M707_02	2.96	10.84	5.2	9.14	3.29	3.32	1
M707_03	2.92	12.45	5.44	10.23	2.73	3.02	1
M707_04	2.74	12.37	5.78	9.86	2.34	2.66	1
M707_05	3.04	11.61	4.66	10	2.55	3.1	1
M707_06	2.88	11.69	5.28	9.46	NaN	NaN	1
M707_07	2.9	12.66	5.23	9.7	2.88	2.89	1
M707_08	2.91	10.41	5.37	8.99	2.41	2.35	1
M707_09	3.37	12.39	5.39	11.46	2.58	3.2	2
M707_10	3.3	11.26	5.22	8.11	2.76	3.36	1
M708_01	3.16	11.74	5.79	9.6	NaN	NaN	1
M708_02	3.26	11.69	6.11	9.71	2.68	2.84	1
M708_03	2.8	9.83	4.67	8.74	2.26	2.52	1
M708_04	3.23	11.84	4.99	9.33	2.48	2.75	1
M708_05	2.75	8.3	4.43	7.15	1.97	2.88	1
M708_06	2.96	9.85	4.48	7.8	2.25	2.73	1
M708_07	2.93	10.24	5.07	8.88	2.46	2.91	1
M708_08	2.77	10.32	5.54	7.76	2.31	3	1
M708_09	2.61	9.37	4.37	8.48	NaN	NaN	1
M709_01	2.84	11.6	5.22	9.53	2.58	3.15	1
M709_02	2.84	12.25	5.83	10.04	2.65	2.64	1
M709_03	3.16	11.47	6.05	9.29	NaN	NaN	1
M709_04	3.1	13.19	6.9	9.48	1.89	2.24	1
M709_05	3.06	13.6	6.12	9.73	2.24	2.67	1
M709_06	3.16	11.33	5.1	8.96	2.84	2.98	1
M709_07	2.93	13.2	6.3	9.87	3.05	3.26	1
M709_08	2.99	11.64	6.3	8.87	NaN	NaN	1
M710_01	2.68	13.06	5.8	9.94	NaN	NaN	1
M710_02	3.14	14.13	6.45	11.59	NaN	NaN	1
M710_03	3.8	14.05	5.86	10.5	2.42	2.22	1
M710_04	3.27	13.34	6.72	10.13	2.13	2.17	1
M710_05	3.89	13.1	6.29	10.65	2.36	2.31	1
M710_06	3.57	12.22	5.33	10.5	2.57	2.08	1
M710_07	3.84	13.37	4.73	10.42	1.82	1.87	1
M710_08	3.57	12.24	5.46	9.45	2.22	2.28	1
M710_09	3.54	13.89	6.41	10.73	2.16	2.24	1
M710_10	2.73	12.05	5.22	9.63	NaN	NaN	1
M711_01	2.93	10.38	3.81	9.16	NaN	NaN	1
M711_02	3.04	10.13	4.64	8.4	2.45	3.18	1
M711_03	3.1	10.69	5.04	8.33	2.57	3.27	1
M711_04	2.96	11.56	5.89	9.8	2.71	3.11	1
M711_05	2.59	9.82	4.23	8.37	2.34	2.9	1
M711_06	3.06	11.85	4.95	8.63	2.67	2.75	1
M711_07	3	12.88	5.86	9.93	2.51	2.63	1
M711_08	2.63	11.68	5.29	9.27	2.87	2.8	1
M711_09	2.82	11.3	5.98	10.18	2.47	3.06	2
M711_10	2.5	12	5.45	9.32	NaN	NaN	1
M712_01	3.05	11.54	5.44	10.79	2.79	2.83	1
M712_02	3.3	11.06	4.1	9.26	2.68	2.85	1
M712_03	3.58	10.11	5.43	9.69	1.68	2.79	2
M712_04	3.15	11.99	5.82	10.38	2.46	2.6	1
M712_05	3.63	11.73	5.76	11.24	2.22	1.97	2
M712_06	3.23	11.74	5.7	10.57	2.05	2.6	2
M712_07	3.13	9.38	5.87	7.84	1.78	3.38	1
M712_08	3.28	11.18	5.93	9.17	3.18	3.58	1
M712_09	3.37	13.1	7.01	10.97	2.13	2.99	2
M712_10	2.3	9.23	4.2	7.3	2.08	2.6	1
M901_01	3	10.8	4.67	7.86	2.25	2.31	1
M901_02	3.2	11.92	6.38	9.56	1.41	2.15	1
M901_03	2.37	10.82	5.24	7.95	NaN	NaN	1
M901_04	3.33	13.15	6.19	9.59	NaN	NaN	1
M901_05	2.81	10.36	4.76	9.87	NaN	NaN	2
M901_06	2.48	11.56	4.81	8.88	2.27	2.3	1
M901_07	2	8.65	2.59	7.18	NaN	NaN	1
M901_08	2.86	12.55	6.87	8.47	2.38	2.28	1
M902_01	3.13	11.5	5.83	9.83	2.4	2.06	1
M902_02	3.56	10.68	5.88	8.8	2.58	2.29	1
M902_03	3.43	11.1	5.94	10.11	2.14	2.5	1
M902_04	3.53	10.49	6.6	7.81	NaN	NaN	1
M902_05	3.27	10.85	6.02	8.12	NaN	NaN	1
M902_06	3.16	8.93	4.86	6.88	1.85	2.02	1
M902_07	3.5	9.1	3.68	7.44	2.29	2.53	1
M902_08	3.46	8.72	4.16	6.71	2.5	2.63	1
M902_09	3.17	8.61	3.31	6.64	NaN	NaN	1
M902_10	2.56	8.97	4.66	6.84	NaN	NaN	1
M903_01	2.68	10.7	6.39	8.15	NaN	NaN	1
M903_02	2.76	12.4	5.84	10.58	2.52	3.11	1
M903_03	2.33	11.37	5.51	8.58	2.6	2.68	1
M903_04	2.69	10.45	4.76	8.44	2.52	3.22	1
M903_05	2.46	11.08	5.16	9.48	NaN	NaN	1
M903_06	2.56	10.35	5.48	8.57	NaN	NaN	1
M903_07	2.99	11.98	5.92	9.23	2.41	2.91	1
M903_08	2.48	9.9	4.67	8.24	2.05	3.04	1
M903_09	2.93	11.99	5.74	8.79	2.16	3.05	1
M903_10	2.54	12.18	5.8	8.67	2.4	3.1	1
M904_01	3.03	12.63	6.26	9.4	2.97	2.78	1
M904_02	2.46	10.43	4.24	8.42	3.09	3.49	1
M904_03	2.71	10.56	4.21	8.21	NaN	NaN	1
M904_04	3.53	11.18	4.44	8.37	2.84	3.45	1
M904_05	2.56	11.46	5.87	8.72	1.86	1.97	1
M904_06	2.86	11.13	4.79	8.22	2.44	3.6	1
M904_07	2.6	12.14	5.99	8.71	2.62	2.06	1
M905_01	2.94	11.92	5.67	8.87	2.84	2.7	1
M905_02	2.71	11.43	6.03	9.12	2.78	2.72	1
M905_03	2.96	11.25	5.84	9.92	2.64	2.48	1
M905_04	2.93	12.41	6.74	9.26	2.59	3.41	1
M905_05	2.8	11.75	5.75	9.21	2.58	3.36	1
M905_06	2.81	12.31	4.51	9.72	3.09	3.14	1
M905_07	2.81	11.18	6.75	8.42	2.52	3.38	1
M905_08	2.81	12.21	5.54	8.35	2.94	3.13	1
M905_09	2.57	12.72	6.8	10.15	NaN	NaN	1
M905_10	2.36	12.79	5.9	9.83	NaN	NaN	1
M906_01	4.02	13.19	7.08	10.28	2.49	2.96	1
M906_02	3.83	12.82	6.15	9.45	2.61	2.82	1
M906_03	2.63	10.23	4.45	8	2.29	2.79	1
M906_04	3.13	11.85	6.14	8.92	NaN	NaN	1
M906_05	2.8	11.17	5.68	8.73	2.71	2.55	1
M906_06	3.04	12.48	6.01	8.93	1.94	2.6	1
M906_07	3.62	12.68	6	10.66	2.78	2.82	1
M906_08	3.19	12.41	5.95	9.25	2.47	2.61	1
M906_09	3.21	12.38	4.12	10.7	2.55	3.01	1
M906_10	2.92	11.86	6.17	9.63	2.12	3.28	1
R001_01	2.97	10.64	5.09	8.52	2.9	2.25	1
R001_02	2.73	11.26	5.11	7.63	2.54	2.3	1
R001_03	2.98	11.47	6.63	9.28	2.16	1.7	1
R001_04	3.06	11.42	5.16	8.37	3.08	2.73	1
R001_05	2.86	10.23	5.63	7.18	NaN	NaN	1
R001_06	2.84	8.87	6.16	7.75	NaN	NaN	1
R001_07	3.12	11.62	6.68	8.02	2.63	2.91	1
R001_08	3.17	11.71	8.23	8.73	NaN	NaN	1
R001_09	2.86	10.77	6.32	8.13	2.45	2.23	1
R002_01	2.5	10.61	6.54	7.99	1.77	2.28	1
R002_02	3.25	11.75	7.26	7.24	NaN	NaN	1
R002_03	2.63	10.58	6.49	7.57	NaN	NaN	1
R002_04	2.89	11.08	6.95	7.33	1.86	2.91	1
R002_05	2.46	10.74	4.7	7.37	NaN	NaN	1
R002_06	2.7	9.96	6.04	7.11	2.8	2.87	1
R002_07	2.58	10.8	5.6	7.47	NaN	NaN	1
R002_08	2.73	11.92	8.18	8.01	NaN	NaN	1
R002_09	3.04	10.33	6.24	6.66	NaN	NaN	1
R002_10	2.3	9.79	5.27	7	2.25	2.8	1
R003_01	2.93	12.77	5.83	7.49	2.57	2.93	1
R003_02	2.94	11.76	6.46	8.48	NaN	NaN	1
R003_03	2.85	12.23	9.09	7.68	NaN	NaN	1
R003_04	3.26	12.65	6.72	7.92	NaN	NaN	1
R003_05	2.9	11.61	6.6	8.18	NaN	NaN	1
R003_06	2.68	12.13	6.83	7.86	NaN	NaN	1
R003_07	3.1	12.71	7.34	8.51	NaN	NaN	1
R003_08	2.43	12.05	6	8.93	NaN	NaN	1
R003_09	3.15	12.3	7.12	8.64	NaN	NaN	1
R005_01	2.74	10.84	5.49	8.1	NaN	NaN	1
R005_02	2.56	10.86	7.17	8.42	NaN	NaN	1
R005_03	2.54	10.94	5.74	9.04	NaN	NaN	1
R005_04	2.77	10	4.99	7.59	NaN	NaN	1
R005_05	3.04	10.83	5.24	8.8	NaN	NaN	1
R005_06	2.66	10.86	7.92	8.32	1.99	1.99	1
R005_07	3.33	10.42	6.04	8.82	NaN	NaN	2
R006_01	3.32	11.28	6.39	9.02	NaN	NaN	1
R006_02	3.23	9.07	4.58	8.12	2.7	2.88	1
R006_03	2.75	9.93	5.4	8.24	NaN	NaN	1
R006_04	2.55	9.77	4.61	8.26	NaN	NaN	1
R006_05	3.31	12.04	6.15	9.29	NaN	NaN	1
R006_06	3.35	10.17	6.77	8	NaN	NaN	1
R006_07	2.87	10.46	5.65	6.06	2.39	2.5	1
R006_08	3.04	12.15	5.33	8.87	NaN	NaN	1
R006_09	3.54	10.75	4.53	8.35	2.6	2.24	1
R006_10	3.02	10.04	4.77	8.91	3.04	3.07	2
R101_01	3.29	8.43	3.73	6.76	NaN	NaN	1
R102_01	2.61	10.04	4.39	8.44	NaN	NaN	1
R102_02	3.07	11.34	5.67	8.43	NaN	NaN	1
R105_01	2.36	8.73	5.57	6.16	NaN	NaN	1
R105_02	2.98	8.98	5.74	6.15	NaN	NaN	1
R105_03	2.87	9.16	4.78	6.43	NaN	NaN	1
R105_04	2.95	9.49	5.24	7.37	2.69	1.88	1
R105_05	3.09	8.75	5.25	7.23	3.3	2.17	1
R105_06	2.89	9.9	4.05	7.73	3.15	2.35	1
R105_07	3.11	9.08	4.77	7.83	3.11	2.54	1
R105_08	2.11	9.16	5.54	7.42	NaN	NaN	1
R105_09	2.97	8.81	4.74	6.02	2.93	2.6	1
R105_10	2.23	9.28	3.75	7.32	NaN	NaN	1
R106_01	2.8	8.85	5.52	7.44	3.59	2.32	1
R106_02	2.78	8.2	4.59	6.43	NaN	NaN	1
R106_03	2.7	9.38	5.45	6.39	3.24	2.78	1
R106_04	2.93	9.04	5.04	6.53	2.25	1.93	1
R107_01	3.14	10.78	4.41	8.82	3.34	2.21	1
R401_01	3.03	10.71	5.62	7.96	3.89	3.81	2
R401_02	3.06	9.67	4.56	6.61	3.54	2.98	2
R402_01	2.7	8.99	5.38	5.59	3.5	3.23	1
R403_01	2.25	12.51	6.33	8.35	NaN	NaN	1
R403_02	2.34	9.67	4.22	7.46	NaN	NaN	2
R403_03	2.7	12.21	5.47	8.77	NaN	NaN	1
R501_01	2.5	11.24	6.04	7.78	NaN	NaN	1
R501_02	2.49	10.45	4.14	7.12	NaN	NaN	1
R501_03	2.94	10.41	5.94	8.75	NaN	NaN	1
R501_04	2.45	10.8	5.48	7.74	NaN	NaN	1
R501_05	2.5	10.39	6.37	6.69	1.7	2.53	1
R501_06	2.79	11.14	4.67	8.39	2.63	2.38	1
R501_07	2.88	9.67	4.02	7.56	1.65	2.52	1
R501_08	2.76	11.66	6.35	8.77	3.23	3.03	1
R502_01	3.39	12.64	6.25	10.69	NaN	NaN	2
R502_02	3.09	12.76	6.27	10.01	NaN	NaN	1
R502_03	3.25	12.21	6.04	8.93	2.83	3.8	1
R502_04	3.17	12.72	6.78	9.26	4.19	3.52	1
R502_05	2.75	13.55	6.89	9.78	NaN	NaN	1
R502_06	3.36	12.28	5.25	10.47	NaN	NaN	1
R502_07	2.96	12.81	4.31	9.97	NaN	NaN	1
R502_08	3.04	12.91	6.63	10.41	NaN	NaN	1
R502_09	3.3	13.47	6.24	9.66	3.68	3.51	1
R502_10	3.34	13.96	8.31	9.11	NaN	NaN	1
R504_01	2.88	10.66	4.71	7.87	2.46	2.37	1
R504_02	2.76	12.15	7.22	9.35	2.87	3.24	1
R504_03	2.88	12.16	5.9	9.15	2.81	2.78	1
R504_04	2.69	11.83	6.36	8.7	2.5	3.06	1
R504_05	2.86	8.22	4.4	7.92	2.52	2.73	2
R504_06	2.96	11.93	5.2	9.72	3.45	3.02	1
R504_07	2.98	11.74	5.47	9.17	NaN	NaN	1
R504_08	3.03	7.78	2.97	6.5	2.59	3.36	1
R505_01	2.16	9.72	5.66	7.72	NaN	NaN	1
R505_02	2.83	9.5	4.58	7.16	NaN	NaN	1
R505_03	2.78	10.06	4.92	8.18	NaN	NaN	1
R505_04	2.73	10.13	4.03	7.02	NaN	NaN	1
R505_05	2.5	9.22	3.5	6.74	NaN	NaN	1
R505_06	2.54	9.53	5.09	7.28	NaN	NaN	1
R505_07	2.62	9.99	4.83	7.96	NaN	NaN	1
R505_08	2.57	10.36	4.56	6.84	NaN	NaN	1
R505_09	2.87	9.84	3.65	6.64	NaN	NaN	1
R505_10	2.98	9.36	4.69	6.46	NaN	NaN	1
R506_01	2.58	12.22	6.13	9.84	NaN	NaN	1
R506_02	3.33	13.6	5.9	10.48	3.8	3.94	1
R506_03	3.3	10.6	5.74	8.7	NaN	NaN	1
R506_04	2.96	14.26	6.32	9.82	NaN	NaN	1
R506_05	2.73	12.45	6.93	8.63	NaN	NaN	1
R506_06	2.93	13.88	7.01	9.48	NaN	NaN	1
R506_07	2.33	12.93	5.81	9.05	NaN	NaN	1
R506_08	2.93	12.12	4.75	8.8	NaN	NaN	1
R506_09	2.22	14.19	7.09	9.36	NaN	NaN	1
R507_01	3.3	12.01	5.96	10.33	NaN	NaN	2
R507_02	2.76	11.97	5.94	8.38	NaN	NaN	1
R507_03	2.89	11.21	4.6	9.31	NaN	NaN	1
R507_04	3.2	13.88	5.97	9.92	NaN	NaN	1
R507_05	2.82	12.54	6.6	9.02	NaN	NaN	1
R507_06	2.91	12.26	5.63	9.4	NaN	NaN	1
R507_07	2.76	11.57	5.28	9.31	NaN	NaN	1
R507_08	3.24	11.71	4.77	8.55	NaN	NaN	1
R507_09	3.23	11.6	4.59	9.47	NaN	NaN	1
R507_10	2.59	11.79	4.69	9.74	NaN	NaN	1
R508_01	2.83	10.42	5.45	8.32	NaN	NaN	2
R508_02	2.97	10.72	4.6	8.04	NaN	NaN	1
R508_03	2.91	10.4	4.88	7.73	NaN	NaN	1
R508_04	2.75	10.96	4.46	7.82	NaN	NaN	1
R508_05	2.78	11.66	5.8	8.51	NaN	NaN	1
R508_06	3.08	11.2	5.85	8.58	4.34	4.46	1
R508_07	2.33	10.05	7.51	7.09	NaN	NaN	1
R508_08	2.84	11.48	6.11	7.59	NaN	NaN	1
R508_09	2.58	8.85	4.04	6.92	NaN	NaN	1
R508_10	2.65	10.09	4.45	7.22	NaN	NaN	2
R510_01	3.47	14.06	8.67	10	2.98	4.23	1
R510_02	3.31	12.73	6.42	9.8	NaN	NaN	1
R510_03	3.22	11.04	4.71	9.61	NaN	NaN	1
R510_04	3.56	13.09	5.19	9.9	NaN	NaN	1
R510_05	3.28	11.45	6.38	10.24	2.72	3.99	1
R510_06	3.03	11.95	6.95	9.66	NaN	NaN	1
R510_07	3.16	13.74	6.49	10.51	NaN	NaN	1
R601_01	3.86	12.17	6.47	8.32	NaN	NaN	1
R602_01	3.17	11.57	6.52	8.24	3.46	3.88	1
R602_02	2.96	11.97	5.55	8.23	4.37	4.58	1
R602_03	3.93	10.66	5.49	7.37	3.6	3.87	1
R602_04	3.36	9.82	5.34	7.37	3.24	4.15	1
R602_05	4.03	11.05	5.52	7.32	3.82	3.75	1
R602_06	3.1	9.64	4.64	6.58	2.94	3.63	1
R602_07	2.83	9.17	4.85	6.98	2.96	3.46	1
R602_08	2.89	8.94	4.8	6.21	2.67	3.07	1
R602_09	3.5	8.54	3.89	5.89	NaN	NaN	1
R602_10	2.9	10.67	5.3	6.9	NaN	NaN	1
R603_01	4.46	13.47	6.09	9.13	2.64	2.77	1
R603_02	4.34	13.88	6.11	10.04	2.72	3.25	1
R603_03	4.13	14.24	6.58	10.25	2.35	4	1
R603_04	4.38	13.9	7.9	9.44	2.24	3.28	1
R603_05	3.59	12	7.09	8.82	2.09	2.54	1
R603_06	3.57	14.17	7.39	9.76	3.32	3.23	1
R603_07	3.22	11.8	5.06	8.89	2.13	2.95	1
R603_08	2.63	12.33	6.19	7.99	2.72	2.69	1
R603_09	2.88	10.26	5.34	8.44	2	2.86	1
R603_10	3.13	11.61	6.2	8.35	2.81	3.16	1
R604_01	3.62	13.04	4.55	8.49	3.44	3.74	1
R604_02	2.86	12.33	6.75	9.6	2.54	3.53	2
R604_03	3.56	12.77	6.15	8.63	3.38	3.35	1
R604_04	2.4	14.13	7.4	9.99	3.86	3.88	2
R604_05	2.14	11.78	5.41	8.57	NaN	NaN	1
R604_06	2.36	13.03	6.19	8.45	3.04	4.02	1
R604_07	1.94	11.59	4.55	8.13	NaN	NaN	1
R604_08	1.94	13.73	6.99	9.6	NaN	NaN	2
R604_09	2.29	11.01	5.26	8.82	NaN	NaN	1
R604_10	2.06	11.86	5.53	9.07	3.47	3.76	1
R605_01	1.74	12.82	4.87	8.68	3.33	3.18	1
R605_02	1.8	13.17	5.49	9.51	2.84	3.65	1
R605_03	2.03	10.96	5.01	8.55	2.99	4.06	1
R605_04	1.73	13.7	6.85	9.82	3.7	3.75	1
R605_05	1.84	10.43	4.57	7.99	3.89	4.35	1
R605_06	1.93	11.12	5.75	7.81	2.74	3.96	1
R605_07	3.03	12.11	5.04	8.57	2.66	3.69	1
R605_08	3.13	13.24	6.87	8.83	2.95	3.59	1
R605_09	3.2	10.13	5.2	7.51	2.98	4	1
R605_10	3.59	11.93	4.4	9.62	2.81	3.94	1
R606_01	3.21	11.13	5.53	9.71	NaN	NaN	1
R606_02	3.53	12.11	5.4	9.28	NaN	NaN	1
R606_03	3.83	11.31	4.03	8.81	4.36	3.36	1
R607_01	3.14	11.37	5.14	8.89	NaN	NaN	1
R607_02	3.77	11.21	4.81	8.28	NaN	NaN	1
R607_03	2.8	10.26	4.21	7.86	NaN	NaN	1
R607_04	3.2	10.67	3.8	8.73	3.5	2.8	1
R607_05	3.26	11.43	6.84	9.11	3.39	3.88	1
R607_06	3.23	8.99	4.98	8.11	1.95	3.49	2
R607_07	2.8	10.52	4.72	8.55	2.27	3.07	1
R607_08	2.76	10.54	4.78	8.09	NaN	NaN	1
R607_09	2.73	11.35	5.76	8.78	NaN	NaN	1
R607_10	2.83	10.66	6	7.38	NaN	NaN	1
R608_01	3.62	10.22	5.08	8.05	2.17	2.9	1
R608_02	3.56	9.75	5.94	8.33	2.93	3.07	1
R608_03	3.7	11.24	5.96	9.32	2.39	3.3	1
R608_04	3.2	9.89	5.21	7.64	2.56	2.87	1
R608_05	3.3	9.13	5.1	7.58	2.35	2.64	1
R608_06	2.56	8.84	5.13	6.88	1.87	1.68	1
R608_07	2.7	11.2	5.97	8.5	NaN	NaN	1
R608_08	3.13	9.05	5.83	7.59	NaN	NaN	1
R608_09	3.27	10.68	5.45	8.91	NaN	NaN	1
R608_10	2.9	8.98	4.58	8.12	NaN	NaN	1
R609_01	3.72	11.51	5.6	9.14	3.25	3.6	1
R609_02	3.4	12.84	6.59	9.49	2.79	3.12	1
R609_03	4.03	13.23	6.76	10.83	4.27	3.34	2
R609_04	3.56	13.78	6.82	10.99	3.39	3.49	2
R609_05	3.8	11.95	6.43	9.24	4.57	3.69	1
R609_06	3.43	12.86	6.36	10.62	3.44	3.74	2
R609_07	3.79	12.55	6.32	9.33	4.21	3.99	1
R609_08	3.75	13.19	6.86	9.17	4.58	4.34	1
R609_09	3.51	12.01	5.78	9.06	3.57	3.6	1
R609_10	3.44	12.85	7.05	9.59	3.6	3.16	1
R610_01	4.17	12.33	5.43	9.94	1.68	2.37	1
R610_02	4.07	12.58	6.98	9.18	2.45	3.34	1
R610_03	4.37	14.21	7.98	10.1	NaN	NaN	1
R610_04	4.13	11.45	4.77	9.58	2.72	2.75	2
R610_05	3.6	12.53	7.45	10.16	2.51	2.63	2
R610_06	3.7	12.76	5.01	9.61	NaN	NaN	1
R610_07	3.46	12.04	6.84	8.69	2.92	2.92	2
R610_08	3.73	13.03	5.74	10.11	2.39	2.48	2
R610_09	3.74	12.36	7.3	9.81	3.37	2.72	1
R610_10	3.86	11.39	4.71	9.67	NaN	NaN	2
R701_01	3.78	14.43	8.16	11.91	2.45	2.44	1
R701_02	3.37	13.82	7.82	11.8	2.3	2.39	1
R701_03	3	14.86	7.85	11.79	2.21	2.35	1
R701_04	3.71	12.9	5.51	11.36	2.81	2.35	2
R701_05	3.79	13.8	5.82	11	2.13	2.49	1
R701_06	3.5	13.54	5.85	10.23	1.71	1.77	1
R701_07	3.61	12.89	5.91	11.4	1.89	2.8	2
R701_08	3.43	13.81	6.47	9.74	2.4	1.97	1
R701_09	4.07	14.91	6.15	11.49	2.13	1.77	1
R702_01	3.21	13.33	5.33	11.92	NaN	NaN	1
R702_02	2.86	13.69	7.1	11.54	2.34	2.77	1
R702_03	3.41	12.83	8.93	10.65	3.3	3.83	1
R702_04	3.07	12.92	5.09	10.89	2.84	2.62	1
R702_05	3.61	13.65	6.78	11.09	2.86	3.42	1
R702_06	3.17	11.12	4.38	10.47	3.19	3.9	1
R702_07	3.43	12.81	6.64	11.35	3.66	3.21	1
R702_08	3.43	13.48	6.87	11.59	NaN	NaN	1
R702_09	3.33	12.85	7.16	10.59	3.07	2.23	1
R703_01	3.79	12.1	4.72	10.39	1.99	2.18	1
R703_02	3.9	12.78	6.42	11.74	1.69	2.09	2
R703_03	4.1	12.25	6.35	11.65	2.52	2.05	1
R703_04	3.36	10.81	6.72	10.67	2.02	2.17	1
R703_05	4.05	12.5	5.23	11.78	2.57	2.5	1
R703_06	4.25	11.67	5.78	10.81	1.93	2.03	1
R703_07	3.84	10.63	5.95	10.63	1.45	2.11	1
R703_08	3.56	10.65	6.14	10.25	2.06	2.28	1
R703_09	4.17	11.34	5.14	9.7	2.07	2.01	1
R703_10	3.47	9.99	4.25	10.25	2.32	2.47	1
R704_01	3.53	12.65	5.85	11.13	2.42	2.88	1
R704_02	3.21	12	5.57	9.1	2.62	2.93	1
R704_03	3.14	12.59	6.64	10.31	NaN	NaN	1
R704_04	2.99	11.75	5.72	9.85	2.72	3.24	1
R704_05	3.68	12.25	7.57	10.66	2.65	3.03	1
R704_06	3.09	11.27	5.59	9.19	2.64	2.75	1
R704_07	3.43	10.96	6.82	10.17	NaN	NaN	1
R704_08	3.08	11.12	5.19	10.41	2.81	3.08	1
R704_09	3.73	13.68	7.13	11.09	2.92	3.53	1
R704_10	3.46	12.64	5.85	10.74	NaN	NaN	1
R705_01	3.06	10.94	5.75	9.79	NaN	NaN	1
R705_02	3.11	10.05	5	8.51	3.02	2.71	1
R705_03	2.59	9.14	4.03	8.96	NaN	NaN	1
R705_04	2.65	10.15	5.22	9.96	2.92	2.35	1
R705_05	2.62	8.86	3.75	9.48	2.43	2.4	1
R706_01	3.27	12.75	6.73	11.91	3.54	3.16	1
R706_02	3.39	12.11	6.52	10.85	3.52	3.12	1
R706_03	2.97	12.03	6.3	10.44	2.41	2.67	1
R706_04	3.16	12.88	6.91	11.47	3.26	2.88	1
R706_05	3.51	11.65	5.47	10.96	NaN	NaN	1
R706_06	2.71	13.79	5.58	11.9	3.66	2.95	1
R706_07	3.55	12.33	5.77	11.59	NaN	NaN	1
R706_08	3.65	13.26	6.3	11	3.46	3.5	1
R706_09	3.11	12.33	6.27	11.91	NaN	NaN	1
R706_10	3.36	13.69	7.89	11.82	4.08	2.96	1
R707_01	3.27	11.46	4.59	10.75	3.22	3.24	1
R707_02	3.33	9.99	5.73	10.64	3.04	2.99	1
R707_03	2.64	8.21	3.71	8.44	2.52	2.38	1
R707_04	2.83	10.22	4.16	9.24	2.62	2.34	1
R707_05	2.63	10.69	4.45	9.7	3.41	2.9	1
R707_06	2.81	9.55	3.88	9.15	2.68	2.6	1
R707_07	2.8	11.26	5.7	11.61	3.01	2.62	1
R707_08	2.96	9.71	4.76	8.8	3.68	2.68	1
R707_09	2.82	9.33	5.21	9.2	2.94	2.54	1
R707_10	2.77	10.24	4.04	9	3.07	3.01	NaN
R708_01	3.33	10.78	4.43	10.44	NaN	NaN	1
R708_02	3.84	11.21	5.7	10.2	NaN	NaN	1
R708_03	3.94	10.92	5.2	10.72	NaN	NaN	1
R708_04	3.91	11.72	5.13	10.56	NaN	NaN	1
R708_05	4.01	11.16	4.12	10.52	NaN	NaN	1
R708_06	4.23	9.86	4.46	10.39	NaN	NaN	1
R708_07	3.63	11.78	4.51	10.91	NaN	NaN	1
R708_08	4.14	NaN	NaN	NaN	NaN	NaN	1
R708_09	3.87	11.43	5.66	11.35	NaN	NaN	1
R708_10	4.23	11.77	5.42	11.31	NaN	NaN	1
R709_01	3.03	12.58	6.6	11.17	3.19	2.68	1
R709_02	2.66	9.91	5.14	9.41	2.75	2.62	1
R709_03	3.26	10.01	4.4	9.22	3.03	2.79	1
R709_04	2.76	10.87	5.21	10.34	2.54	2.15	1
R709_05	2.56	9.85	6.38	9.94	2.39	2.13	1
R709_06	2.61	10.27	4.67	10.49	3.03	3.05	1
R709_07	2.8	8.25	3.94	9.51	3.32	2.84	1
R709_08	3.24	10.23	4.24	10.26	2.59	2.43	1
R709_09	2.56	9.26	4.33	9.84	NaN	NaN	2
R709_10	3.1	10.84	5.1	10.96	NaN	NaN	1
R710_01	2.58	8.11	4.25	10.02	NaN	NaN	1
R710_02	3	10.95	5.13	10.56	2.94	2.06	1
R710_03	2.92	9.6	4.19	9.19	NaN	NaN	1
R710_04	3.13	10.85	5.33	10.87	NaN	NaN	1
R803_01	3.09	10.54	5.19	8.94	NaN	NaN	1
R803_02	2.95	10.31	9.98	4.63	2.99	2.92	1
R803_03	3.2	10.81	10.37	5.77	NaN	NaN	2
R803_04	3.16	9.82	4.56	9.41	NaN	NaN	2
R803_05	3.34	11.76	5.79	9.94	2.56	3.15	2
R803_06	3.31	11.62	5.57	10.85	2.99	3.14	1
R803_07	3.01	11.72	5.37	9.85	2.46	2.85	1
R803_08	3.44	10.99	5.94	11.22	2.73	4.03	2
R803_09	3.27	11.4	5.27	9.8	2.54	2.97	1
R803_10	3.48	11.61	6.3	10.33	NaN	NaN	1
R901_01	2.96	13.83	7.71	10.17	2.17	2.56	1
R901_02	3.6	13.73	5.54	10	2.46	2.46	2
R901_03	3.83	12.97	6.64	9.05	2.45	2.66	1
R901_04	2.61	11.96	6.54	10.34	NaN	NaN	2
R901_05	3.5	11.49	4.71	8.35	2.07	2.64	1
R901_06	3.3	11.67	6.06	11.16	2.46	2.3	2
R901_07	2.97	13.62	6.11	10.23	2.05	2.19	1
R901_08	3.96	10.93	5.7	7.79	2.82	2.97	1
R901_09	2.9	9.99	5.88	8.7	NaN	NaN	1
R901_10	3.1	8.96	2.6	8.3	1.94	2.34	1
R902_01	2.62	11.42	5.01	9.93	1.87	2.8	1
R902_02	2.77	9.52	4.6	8.34	1.46	2.71	1
R902_03	2.27	10.56	4.61	8.5	2.63	3.09	1
R902_04	3.3	12.16	6.56	9.22	2.52	3.72	1
R902_05	2.37	9.9	5.38	8.81	3.32	3.59	1
R902_06	3.16	10.8	4.92	10.23	3.23	3.23	1
R902_07	2.77	9.77	4.46	8.77	2.78	2.89	1
R902_08	2.16	10.55	5.28	9.17	1.96	3.1	1
R902_09	3.16	10.97	4.56	9.46	2.12	2.81	1
R903_01	3.4	10.08	5.14	8.99	NaN	NaN	1
R903_02	2.96	11.64	5.35	9.19	NaN	NaN	1
R903_03	3.25	12.6	5.27	9.37	NaN	NaN	1
R903_04	3.25	12.49	5.09	9.64	2.91	2.49	1
R903_05	2.73	11.56	5.83	8.51	1.91	2.99	1
R903_06	2.46	10.68	4.79	8.72	NaN	NaN	1
R903_07	3.65	11.98	5.7	9.32	NaN	NaN	1
R903_08	2.4	12.02	5.72	9.56	2.35	3.01	1
R903_09	3.07	12.22	4.15	9.08	2.37	3.21	1
R903_10	3.47	12.52	4.93	9.62	NaN	NaN	1
R904_01	1.85	7.62	3.13	5.71	NaN	NaN	1
R904_02	2.1	7.25	3.34	5.85	NaN	NaN	1
R904_03	1.77	7.02	3.22	5.43	NaN	NaN	1
R904_04	1.77	6.95	2.9	5.72	NaN	NaN	1
R904_05	1.83	7.81	3.19	5.79	4.19	6.52	1
R904_06	1.76	7.57	3.07	5.76	5.48	6.76	1
R904_07	2.51	8.08	3.92	6.1	NaN	NaN	1
R904_08	2.41	7.78	3.73	5.84	NaN	NaN	1
R904_09	2.19	7.8	4.23	6.28	NaN	NaN	1
R904_10	2.45	8.39	4.2	6.07	NaN	NaN	1
R905_01	3.14	11.29	5.62	9.23	2.54	3.17	1
R905_02	3.06	11.38	5.11	8.99	1.63	2.95	1
R905_03	2.8	10.31	4.46	9.51	3.23	2.67	1
R905_04	2.68	10.2	3.58	9.43	3.49	2.77	2
R905_05	3	11.02	5.56	8.62	2.45	1.98	1
R905_06	3.07	12.61	6.07	9.23	NaN	NaN	1
R905_07	2.64	11.23	5.4	9.02	2.29	2.48	1
R905_08	2.73	10.63	4.43	10	NaN	NaN	1
R905_09	2.97	10.01	4.64	9.32	2.74	2.82	2
R905_10	3.16	12.07	4.55	9.17	NaN	NaN	1
R906_01	2.88	12.59	6.56	9.21	2.64	2.76	1
R906_02	3.18	13.06	7.13	11.03	2.59	3.35	1
R906_03	2.53	12.36	6.44	10.06	3.28	3.02	1
R906_04	3.06	11.51	6.76	10.48	2.85	3.31	2
R906_05	2.82	12.35	6.17	9.29	3.53	2.45	1
R906_06	3.18	12.98	8.3	9.75	3.39	3.2	1
R906_07	3.26	12.03	6.82	9.88	2.46	3.22	2
R907_01	4.33	12.5	5.54	11.18	NaN	NaN	1
R907_02	4.3	11.51	5.01	9.14	2.26	3.15	1
R907_03	3.33	10.28	5.37	8.71	2.21	2.03	1
R907_04	4.06	11.64	4.92	9.72	3.19	2.69	1
R907_05	4.33	10.75	5.76	9.4	2.29	3	1
R907_06	3.94	11.87	4	9.49	NaN	NaN	1
R907_07	4.53	11.04	4.53	9.83	2.42	3.03	1
R907_08	4.03	9.24	4.71	8.59	NaN	NaN	1
R907_09	4.37	9.76	3.25	9.23	2.29	2.62	1
R907_10	3.96	10.51	2.98	8.18	2.09	2.6	1
R908_01	4.01	11.63	5.71	10.87	2.46	2.18	1
R908_02	4	12.58	5.38	10.41	3.31	2.93	1
R908_03	4.13	12.59	5.81	10.67	2.67	2.81	1
R908_04	4.03	11.53	6.28	9.97	2.31	2.41	1
R908_05	3.93	11.8	4.34	10.04	2.66	2.62	1
R908_06	4.2	13.61	4.55	10.75	2.65	2.41	1
R908_07	3.86	11.66	7.35	10.43	2.56	2.25	1
R908_08	3.9	11.34	4.7	9.38	2.87	2.51	1
R910_01	2.4	12.73	5.52	11.74	NaN	NaN	1
R910_02	3.13	13.25	4.22	10.86	NaN	NaN	1
R910_03	2.63	12.33	5.22	11.8	NaN	NaN	1
R910_04	2.99	11.49	7.37	9.67	NaN	NaN	1
R910_05	2.57	11.91	5.94	11.56	NaN	NaN	1
R911_01	2.99	10.76	4.81	8.69	3.62	2.66	1
R911_02	3.38	11.21	5	8.9	NaN	NaN	1
R911_03	3.66	12.71	6.43	8.95	3.95	2.47	1
R911_04	3.08	12.12	6.1	8.03	3.36	2.88	1
R911_05	3.16	12.14	5.95	8.92	NaN	NaN	1
R911_06	3.9	12.68	5.14	9.76	NaN	NaN	1
R911_07	3.66	12.44	5.91	9.46	4.32	3.42	1
R911_08	3.91	12.72	7.35	9.64	NaN	NaN	1
R911_09	3.66	11.35	4	8.33	NaN	NaN	1
R912_01	3.16	11.88	3.37	10.91	2.98	2.94	1
R912_02	3.24	12.75	5.47	10.93	3.78	3.08	1
R912_03	3.47	12.71	5.73	10.54	3.79	3.29	1
R912_04	3.8	11.2	4.04	10.82	3.89	3.82	1
R912_05	3.47	13.37	6.5	10.11	3.64	2.91	1
R912_06	3.6	9.87	4.75	9.73	NaN	NaN	1
R912_07	3.65	10.9	4.87	9.62	3.81	2.66	2
R913_01	3.61	11.7	5.84	11.21	3.48	2.69	1
R913_02	2.82	11.03	5.31	11.1	3.75	2.99	1
R913_03	3.9	11.56	5.61	11.55	NaN	NaN	1
R913_04	3.13	12.54	6.32	10.81	NaN	NaN	1
R913_05	3.22	11.8	5.14	11.55	3.36	3.05	1
R913_06	3.34	11.68	5.59	11.25	3.94	2.45	1
R913_07	2.83	11.55	5.63	11.39	3.17	2.87	1
R913_08	2.3	10.09	4.92	10.82	NaN	NaN	2
R913_09	3.42	11.71	5.58	11.23	3.79	2.55	1
R913_10	2.8	10.38	4.7	10.71	3.65	2.61	1