"ID"	"Population"	"Taxon"	"DR"	"L"	"WP"	"W"	"SL"	"SW"	"P"
"H404"	"4"	"MAC"	2.66	8.96666666666667	4.26666666666667	9.02666666666667	2.48666666666667	2.56	1.66666666666667
"H406"	"4"	"MAC"	3.40666666666667	9.98333333333333	4.70666666666667	9.62166666666667	2.01166666666667	2.48333333333333	1.83333333333333
"H408"	"4"	"MAC"	3.05833333333333	10.5366666666667	4.95166666666667	9.66	2.34166666666667	2.78166666666667	1.33333333333333
"HMAC006"	"0"	"L"	2.90333333333333	9.31	5.33	8.7	2.29666666666667	2.45666666666667	2.66666666666667
"HMAC007"	"0"	"L"	3.38	8.04	4.07	6.37	1.81	3.12	2
"HMAC008"	"0"	"R"	2.985	10.58	6.255	7.77	2.16	2.265	1
"HMAC010"	"0"	"L"	3.206	8.736	5.242	8.158	2.168	2.848	2.2
"HMAC011"	"0"	"R"	2.905	11.65	6.545	8.54	3.265	3.15	1.5
"HMAC101"	"1"	"L"	2.855	9.89	5.37	7.915	1.385	2.005	2
"HMAC104"	"1"	"L"	2.68	9.4525	4.4775	7.6625	1.67	1.685	2
"HMAC105"	"1"	"R"	3.165	10.55	6.235	7.335	2.455	1.99	1
"HMAC202"	"2"	"MAC"	2.8	11	5.85	8.03	3.28	3.01	1
"HMAC501"	"5"	"MAC"	3.096	10.304	4.908	10.546	2.09	2.686	2
"HMAC502"	"5"	"L"	3.452	9.098	4.832	8.854	2.588	3.158	2
"HMAC505"	"5"	"MAC"	3.35	11.695	5.04	10.625	3.835	3.935	1.5
"HMAC506"	"5"	"MAC"	3.16666666666667	12.8733333333333	5.64666666666667	10.57	3.80333333333333	3.97	2
"HMAC507"	"5"	"MAC"	2.975	10.045	5.845	8.2575	2.82	3.005	1.5
"HMAC508"	"5"	"MAC"	3.34	10.8033333333333	6.61333333333333	9.97	2.9	3.07666666666667	1.33333333333333
"HMAC510"	"5"	"MAC"	3.26	10.35	5.94	10.35	2.53	3.77	2
"HMAC601"	"6"	"MAC"	2.95	9.27	4.99	8.34	2.5	2.57	1
"HMAC602"	"6"	"MAC"	3.59777777777778	10.54	5.49666666666667	8.83888888888889	2.54888888888889	2.75666666666667	1
"HMAC603"	"6"	"MAC"	3.25	10.22375	5.7175	9.215	3.22	3.06625	1.125
"HMAC604"	"6"	"MAC"	3.45285714285714	12.5614285714286	6.34714285714286	9.71	3.83571428571429	3.89857142857143	1.42857142857143
"HMAC605"	"6"	"MAC"	3.64	13.42	7.20333333333333	9.92666666666667	4.56	3.57666666666667	1.33333333333333
"HMAC606"	"6"	"MAC"	3.16833333333333	9.67	5.49166666666667	8.59166666666667	3.09	2.93833333333333	1.16666666666667
"HMAC607"	"6"	"MAC"	3.91625	11.31375	5.36875	9.70625	2.12875	2.52	1.625
"HMAC608"	"6"	"MAC"	2.85833333333333	8.375	5.135	7.63833333333333	2.96666666666667	3.45166666666667	1
"HMAC609"	"6"	"MAC"	3.19875	10.3875	5.30125	9.38375	2.99375	3.46625	1.25
"HMAC610"	"6"	"MAC"	3.368	11.266	5.744	8.456	3.806	3.484	1.4
"HMAC801"	"8"	"MAC"	2.79	10.93	7.14	8.81	2.64	3.31	1
"HMAC802"	"8"	"MAC"	2.77142857142857	10.6642857142857	5.40857142857143	8.90571428571429	2.22857142857143	2.64857142857143	1.28571428571429
"HMAC803"	"8"	"MAC"	3.12	8.22	4.03	8.85	1.96	2.42	1
"HMAC901"	"9"	"MAC"	2.87	11.34	6.16	9.88	3.68	2.64	1
"HMED101"	"1"	"MED"	2.32	9.105	4.45	7.16	2.195	2.5	1
"HMED201"	"2"	"MAC"	2.484	10.782	5.858	7.908	2.51	2.79	1
"HMED202"	"2"	"MED"	2.486	8.273	4.467	6.962	2.258	2.671	1.1
"HMED204"	"2"	"MED"	2.775	10.0516666666667	5.34166666666667	8.28833333333333	2.48166666666667	2.88333333333333	1
"HMED205"	"2"	"L"	2.59	9.195	5.085	7.845	2.35	2.84	1
"HMED206"	"2"	"MED"	3.14714285714286	9.70571428571428	4.56142857142857	8.77571428571428	2.53428571428571	3.41428571428571	1
"HMED207"	"2"	"MED"	2.115	7.905	4.395	6.84	2.4575	2.9725	1
"HMED208"	"2"	"MED"	2.62333333333333	8.38	4.83333333333333	8.07	1.99333333333333	3.16	1.33333333333333
"HMED301"	"3"	"MED"	2.34333333333333	9.18111111111111	4.84666666666667	8.21222222222222	1.73222222222222	2.82444444444444	1.11111111111111
"HS001"	"0"	"MED"	2.51	9.7	4.05	7.07	1.79	2.31	1
"HS101"	"1"	"R"	2.96666666666667	9.46333333333333	4.96	8.16666666666667	3.38	1.74333333333333	1
"L001"	"0"	"L"	2.94	9.595	5.555	8.32	1.825	2.47	2
"L002"	"0"	"L"	3.18	8.97333333333333	4.71888888888889	8.85666666666667	2.16222222222222	3.36555555555556	1.88888888888889
"L003"	"0"	"L"	2.8	9.44	5.38	9.11	1.87	2.53	2
"L004"	"0"	"L"	2.705	9.59	5.4	7.65	1.6	2.05	2
"L005"	"0"	"L"	2.4	6.81	4.44	6.49	1.75	2.75	2
"L006"	"0"	"L"	3.01555555555556	9.90666666666667	5.47666666666667	8.23111111111111	1.67666666666667	3.08333333333333	2
"L007"	"0"	"L"	3.00666666666667	9.56	5.29	8.55	2.48	2.62333333333333	2.33333333333333
"L011"	"0"	"L"	2.6	8.088	4.974	8.212	1.868	2.544	2
"L103"	"1"	"L"	3.13	9.93	4.78	9.49	2.14	1.97	3
"L104"	"1"	"L"	2.25	8.30333333333333	4.42666666666667	6.89	1.44333333333333	1.65333333333333	2
"L108"	"1"	"L"	2.35333333333333	8.49666666666667	4	7.88	1.77666666666667	2.15333333333333	1.66666666666667
"L109"	"1"	"L"	2.86	9.53	5.32	8.59	1.89	2.61	2
"L201"	"2"	"L"	3.182	9.91	5.134	8.996	1.974	3.148	2
"L202"	"2"	"L"	3.17142857142857	9.08857142857143	4.51142857142857	8.78857142857143	1.89285714285714	1.96428571428571	2
"L203"	"2"	"L"	2.5775	8.73	4.7825	7.9625	2.5225	3.395	2.25
"L204"	"2"	"L"	3.493	10.239	5.332	9.849	2.237	3.028	2.1
"L205"	"2"	"L"	3.21666666666667	9.54333333333333	4.76	9.35666666666667	2.34333333333333	3.11333333333333	2
"L206"	"2"	"L"	3.39714285714286	9.27714285714286	4.79	9.02	1.84714285714286	3.01428571428571	2
"L207"	"2"	"L"	3.20333333333333	8.36	4.315	8.195	2.32666666666667	3.00166666666667	2
"L208"	"2"	"L"	3	8.675	4.13333333333333	7.91166666666667	2.43	3	1.5
"L209"	"2"	"L"	2.886	8.757	4.548	8.301	2.092	2.836	2.1
"L210"	"2"	"L"	2.74	8.805	4.925	8.5625	2.345	2.6925	2
"L301"	"3"	"L"	2.62666666666667	9.31333333333333	5.67666666666667	7.80333333333333	1.74666666666667	2.96666666666667	2
"L302"	"3"	"L"	2.12666666666667	9.79	4.93166666666667	8.08666666666667	2.175	2.77	1.83333333333333
"L303"	"3"	"L"	3.14833333333333	9.54333333333333	5.84666666666667	9.29833333333333	2.405	2.755	2.33333333333333
"L304"	"3"	"L"	3.09	9.67	5.6	9.19	2.32	2.35	2
"L305"	"3"	"L"	3.37	10.75	5.7425	9.695	1.715	2.9625	2
"L306"	"3"	"L"	2.955	9.57	4.68	8.78	2.275	3.905	2.5
"L307"	"3"	"L"	2.855	9.7725	5.945	8.5875	1.915	3.5675	1.75
"L309"	"3"	"L"	3.14	9.73	4.3	9.63	2.62	2.14	3
"L401"	"4"	"L"	2.844	9.449	4.839	7.071	2.354	3.113	2
"L405"	"4"	"L"	3.17857142857143	9.06142857142857	4.75571428571429	8.44714285714286	2.20714285714286	3.09857142857143	2
"L406"	"4"	"L"	3.19	9.03	4.66	8.03	2.38	3.05	2
"L407"	"4"	"MAC"	2.69666666666667	9.70333333333333	5.28666666666667	9.04666666666667	2.33666666666667	2.72666666666667	1.33333333333333
"L408"	"4"	"L"	3.91333333333333	9.77111111111111	4.67333333333333	8.29555555555556	2.39111111111111	3.03888888888889	2.33333333333333
"L409"	"4"	"L"	3.43	9.435	4.765	7.585	2.405	3.56	2.5
"L410"	"4"	"L"	2.87666666666667	10.4633333333333	6.33	9.04333333333333	2.49	2.78666666666667	2
"L502"	"5"	"L"	3.29	10.18	4.18	8.765	1.975	3.325	2
"L503"	"5"	"L"	2.862	9.748	5.056	9.098	2.1	4.168	1.8
"L504"	"5"	"L"	3.675	9.495	5.57	9.255	2.38	4.285	2
"L505"	"5"	"L"	3.19	8.17166666666667	5.14666666666667	7.94333333333333	2.095	3.61	2
"L506"	"5"	"L"	3.605	10.6375	5.1475	9.1925	2.37	3.31	2.5
"L507"	"5"	"L"	3.065	9.865	5.23	9.465	1.875	3.47	2
"L508"	"5"	"L"	3.08	10.76	5.99	10.07	2.26	2.89	3
"L509"	"5"	"L"	3.4575	10.11	5.75	9.6075	2.5025	3.47	2.25
"L510"	"5"	"L"	3.765	9.69	5.37	9.815	2.29	3.285	3
"L601"	"6"	"L"	3.53	10.45	6.28	9	1.8	3.74	2
"L602"	"6"	"L"	3.47555555555556	9.50666666666667	5.10333333333333	9.41666666666667	2.58333333333333	3.39222222222222	1.88888888888889
"L603"	"6"	"L"	4.09375	9.58375	4.75375	8.8625	1.655	2.81875	2.375
"L604"	"6"	"L"	3.38333333333333	10.4655555555556	4.93555555555556	9.33	1.72111111111111	2.04222222222222	2
"L605"	"6"	"L"	3.235	9.845	5.055	9.105	2.065	2.9	2
"L606"	"6"	"L"	3.87625	10.24125	4.97375	9.2525	1.785	2.46625	2.25
"L607"	"6"	"L"	3.546	11.112	6.079	9.711	2.014	2.174	2.2
"L608"	"6"	"L"	3.33222222222222	10.2622222222222	5.39777777777778	9.58888888888889	2.23444444444444	3.80888888888889	2
"L609"	"6"	"L"	3.72666666666667	11.415	5.93833333333333	8.71833333333333	1.59333333333333	2.45833333333333	2
"L610"	"6"	"L"	3.94222222222222	10.4011111111111	5.47111111111111	9.28555555555556	1.96666666666667	3.51111111111111	2.11111111111111
"L701"	"7"	"L"	3.49875	10.61875	5.79875	9.84375	2.61625	3.39875	2
"L702"	"7"	"L"	3.29142857142857	9.45285714285714	5.04714285714286	9.02	2.31571428571429	3.46428571428571	2
"L703"	"7"	"L"	3.00125	7.885	4.05	8.35	1.8125	2.82375	2.25
"L704"	"7"	"L"	3.32888888888889	9.36444444444444	5.04555555555556	9.48222222222222	2.11555555555556	3.09222222222222	2.11111111111111
"L705"	"7"	"L"	3.326	8.544	5.196	9.034	1.96	2.954	2
"L706"	"7"	"L"	3.917	11.138	5.934	10.166	1.892	2.62	1.6
"L708"	"7"	"L"	3.66666666666667	10.8333333333333	6.06444444444444	10.3688888888889	2.27111111111111	3.09111111111111	2
"L709"	"7"	"L"	3.67888888888889	10.0688888888889	5.18666666666667	9.45	1.78333333333333	2.12111111111111	2
"L710"	"7"	"L"	3.581	9.654	4.81	9.1	1.566	2.327	2
"L801"	"8"	"L"	3.075	10.89	6.335	9.075	2.235	2.11	1.5
"L804"	"8"	"L"	3.09	9.85	4.36	9.425	2.33	2.565	2
"L805"	"8"	"L"	2.718	8.663	4.692	8.224	1.324	2.379	2.1
"L806"	"8"	"L"	3.25	10.515	4.8475	9.625	1.7575	2.37	2.5
"L808"	"8"	"L"	3.005	10.1525	5.1775	8.495	1.9525	2.69	1.5
"L810"	"8"	"L"	3.08	11.6	7.44	10.89	2.73	2.47	3
"L901"	"9"	"L"	2.923	10.208	5.66	9.345	1.914	2.939	2
"L902"	"9"	"L"	2.93428571428571	8.86142857142857	4.53142857142857	7.82	1.98	3.92714285714286	1.71428571428571
"L903"	"9"	"L"	2.976	8.111	4.139	9.361	2.13	3.253	2
"L904"	"9"	"L"	3.08	10.1283333333333	5.75	9.06166666666667	2.185	3.50166666666667	2
"L905"	"9"	"L"	3.396	9.623	4.924	8.633	2.081	2.951	1.8
"L906"	"9"	"L"	3.54666666666667	10.9766666666667	5.82666666666667	8.68	2.07	3.28666666666667	2
"L907"	"9"	"L"	3.3475	10.9075	6.44	9.88	2.235	2.8125	2
"L908"	"9"	"L"	4.09714285714286	10.7028571428571	5.35142857142857	9.33714285714286	1.73857142857143	2.20142857142857	1.85714285714286
"L909"	"9"	"L"	3.42222222222222	9.65111111111111	5.74	8.73333333333333	2.00444444444444	3.71333333333333	2.11111111111111
"L910"	"9"	"L"	2.88875	7.7575	3.73125	7.35375	4.325	5.165	2
"L911"	"9"	"L"	3.068	9.915	5.15	8.93	2.177	3.323	2
"L912"	"9"	"L"	3.23	10.45	5.46333333333333	9.25333333333333	2.22333333333333	3.31666666666667	2
"M203"	"2"	"M"	2.10833333333333	8.54666666666667	4.35833333333333	7.47333333333333	2.20666666666667	2.49	1
"M204"	"2"	"MED"	2.83	10.96	5.61	8.57	3.08	3.11	1
"M205"	"2"	"M"	2.51142857142857	9.26428571428571	4.92428571428571	6.81428571428571	3.24428571428571	3.25428571428571	1
"M206"	"2"	"M"	2.295	8.9775	4.345	7.435	2.6325	2.815	1
"M207"	"2"	"MED"	2.36	8.36	4.92	8.19	2.24	2.31	1
"M208"	"2"	"M"	2.51	8.316	4.726	7.876	2.344	2.588	1
"M210"	"2"	"M"	2.21666666666667	8.59666666666667	3.57	6.96666666666667	2.56666666666667	2.87666666666667	1
"M311"	"3"	"M"	2.44	11.22	5.96	9.14	2.95	3.23	1
"M501"	"5"	"SUB"	2.21666666666667	7.60166666666667	3.87833333333333	6.24333333333333	1.93833333333333	2.23666666666667	1
"M601"	"6"	"SUB"	2.9	10.085	5.03333333333333	8.09166666666667	2.7	3.31666666666667	1
"M701"	"7"	"R"	2.86	10.72625	5.2625	7.95	2.7125	3.12	1
"M702"	"7"	"R"	3.21625	10.74125	5.13125	8.90125	2.535	2.9875	1
"M703"	"7"	"R"	3.034	11.436	5.332	9.576	2.51	2.974	1
"M704"	"7"	"R"	3.57	12.6966666666667	5.68555555555556	9.67555555555555	2.12666666666667	2.05555555555556	1
"M706"	"7"	"R"	3.52888888888889	11.9166666666667	5.52	9.02555555555556	2.22333333333333	2.19111111111111	1.11111111111111
"M707"	"7"	"R"	3.01888888888889	11.8044444444444	5.25333333333333	9.67111111111111	2.65222222222222	3.02333333333333	1.11111111111111
"M708"	"7"	"R"	2.95714285714286	10.2957142857143	5.04142857142857	8.48142857142857	2.34428571428571	2.80428571428571	1
"M709"	"7"	"R"	2.98833333333333	12.5283333333333	5.91166666666667	9.60166666666667	2.54166666666667	2.82333333333333	1
"M710"	"7"	"R"	3.64	13.1728571428571	5.82857142857143	10.34	2.24	2.16714285714286	1
"M711"	"7"	"R"	2.9	11.23875	5.235	9.11375	2.57375	2.9625	1.125
"M712"	"7"	"M"	3.202	11.106	5.526	9.721	2.305	2.819	1.4
"M901"	"9"	"R"	2.885	11.7075	5.6825	8.6925	2.0775	2.26	1
"M902"	"9"	"R"	3.37333333333333	10.005	5.05833333333333	8.295	2.29333333333333	2.33833333333333	1
"M903"	"9"	"R"	2.67428571428571	11.4671428571429	5.46285714285714	8.93285714285714	2.38	3.01571428571429	1
"M904"	"9"	"R"	2.84	11.495	5.265	8.64	2.63666666666667	2.89166666666667	1
"M905"	"9"	"R"	2.84625	11.8075	5.85375	9.10875	2.7475	3.04	1
"M906"	"9"	"R"	3.25111111111111	12.1355555555556	5.73444444444444	9.51444444444444	2.44	2.82666666666667	1
"R001"	"0"	"R"	2.95333333333333	11.1966666666667	5.83166666666667	8.325	2.62666666666667	2.35333333333333	1
"R002"	"0"	"R"	2.5975	10.36	6.2	7.3575	2.17	2.715	1
"R003"	"0"	"R"	2.93	12.77	5.83	7.49	2.57	2.93	1
"R005"	"0"	"R"	2.66	10.86	7.92	8.32	1.99	1.99	1
"R006"	"0"	"R"	3.165	10.08	4.8825	7.86	2.6825	2.6725	1.25
"R105"	"1"	"R"	3.002	9.206	4.81	7.236	3.036	2.308	1
"R106"	"1"	"R"	2.81	9.09	5.33666666666667	6.78666666666667	3.02666666666667	2.34333333333333	1
"R107"	"1"	"R"	3.14	10.78	4.41	8.82	3.34	2.21	1
"R401"	"4"	"R"	3.045	10.19	5.09	7.285	3.715	3.395	2
"R402"	"4"	"R"	2.7	8.99	5.38	5.59	3.5	3.23	1
"R501"	"5"	"MAC"	2.7325	10.715	5.3525	7.8525	2.3025	2.615	1
"R502"	"5"	"R"	3.24	12.8	6.35333333333333	9.28333333333333	3.56666666666667	3.61	1
"R504"	"5"	"R"	2.86571428571429	10.6757142857143	5.25142857142857	8.45857142857143	2.74285714285714	2.93714285714286	1.14285714285714
"R506"	"5"	"R"	3.33	13.6	5.9	10.48	3.8	3.94	1
"R508"	"5"	"MAC"	3.08	11.2	5.85	8.58	4.34	4.46	1
"R510"	"5"	"R"	3.375	12.755	7.525	10.12	2.85	4.11	1
"R602"	"6"	"R"	3.28375	10.3525	5.33875	7.2875	3.3825	3.79875	1
"R603"	"6"	"R"	3.633	12.766	6.395	9.111	2.502	3.073	1
"R604"	"6"	"R"	2.81	12.86	6.095	9.03833333333333	3.28833333333333	3.71333333333333	1.33333333333333
"R605"	"6"	"R"	2.402	11.961	5.405	8.689	3.089	3.817	1
"R606"	"6"	"MAC"	3.83	11.31	4.03	8.81	4.36	3.36	1
"R607"	"6"	"MAC"	3.1225	10.4025	5.085	8.625	2.7775	3.31	1.25
"R608"	"6"	"MAC"	3.32333333333333	9.845	5.40333333333333	7.96666666666667	2.37833333333333	2.74333333333333	1
"R609"	"6"	"MAC"	3.643	12.677	6.457	9.746	3.767	3.607	1.3
"R610"	"6"	"MAC"	3.84285714285714	12.3314285714286	6.35857142857143	9.63857142857143	2.57714285714286	2.74428571428571	1.57142857142857
"R701"	"7"	"MAC"	3.58444444444444	13.8844444444444	6.61555555555556	11.1911111111111	2.22555555555556	2.25888888888889	1.22222222222222
"R702"	"7"	"MAC"	3.26857142857143	12.8385714285714	6.58285714285714	10.94	3.03714285714286	3.14	1
"R703"	"7"	"MAC"	3.849	11.472	5.67	10.787	2.062	2.189	1.1
"R704"	"7"	"MAC"	3.33	12.1028571428571	6.08857142857143	10.2042857142857	2.68285714285714	3.06285714285714	1
"R705"	"7"	"R"	2.79333333333333	9.68666666666667	4.65666666666667	9.31666666666667	2.79	2.48666666666667	1
"R706"	"7"	"R"	3.21571428571429	12.93	6.60428571428571	11.3414285714286	3.41857142857143	3.03428571428571	1
"R709"	"7"	"R"	2.865	10.24625	5.0725	10.0425	2.855	2.58625	1
"R710"	"7"	"R"	3	10.95	5.13	10.56	2.94	2.06	1
"R803"	"8"	"SUB"	3.22	11.3	6.32	9.38166666666667	2.71166666666667	3.17666666666667	1.33333333333333
"R901"	"9"	"SUB"	3.4025	12.15	5.63375	9.38125	2.3025	2.515	1.25
"R902"	"9"	"SUB"	2.73111111111111	10.6277777777778	5.04222222222222	9.15888888888889	2.43222222222222	3.10444444444444	1
"R903"	"9"	"SUB"	2.8625	12.0725	5.1975	9.1975	2.385	2.925	1
"R904"	"9"	"SUB"	1.795	7.69	3.13	5.775	4.835	6.64	1
"R906"	"9"	"MAC"	2.98714285714286	12.4114285714286	6.88285714285714	9.95714285714286	2.96285714285714	3.04428571428571	1.28571428571429
"R907"	"9"	"SUB"	4.12571428571429	10.7842857142857	4.54571428571429	9.17285714285714	2.39285714285714	2.73142857142857	1
"R908"	"9"	"SUB"	4.0075	12.0925	5.515	10.315	2.68625	2.515	1
"R911"	"9"	"R"	3.3475	12.0075	5.8125	8.7825	3.8125	2.8575	1
"R912"	"9"	"SUB"	3.465	12.135	4.99666666666667	10.4883333333333	3.64833333333333	3.11666666666667	1.16666666666667
"R913"	"9"	"R"	3.14857142857143	11.4071428571429	5.39857142857143	11.2057142857143	3.59142857142857	2.74428571428571	1
