Name	SSRs group	SSRs group_new	clone	L1	L2	L	R3	R1	M	R2	R
H401	MAC	MAC	1	0.005	0.408	0.413	0.001	0.582	0.001	0.002	0.585
H402	MAC	MAC	1	0.005	0.408	0.413	0.001	0.582	0.001	0.002	0.585
H403	R1	R1	2	0.014	0.022	0.036	0.002	0.952	0.008	0.002	0.956
H404	MAC	MAC	1	0.005	0.408	0.413	0.001	0.582	0.001	0.002	0.585
H405	R4	R3	3	0.005	0.003	0.008	0.988	0.001	0.001	0.001	0.99
H406	MAC	MAC	1	0.005	0.408	0.413	0.001	0.582	0.001	0.002	0.585
H407	MED	MED_L	4	0.599	0.027	0.626	0.006	0.013	0.345	0.01	0.029
H408	MAC	MAC	1	0.005	0.408	0.413	0.001	0.582	0.001	0.002	0.585
HMAC001	MED	MED	5	0.324	0.096	0.42	0.006	0.007	0.557	0.01	0.023
HMAC002	R4	R3	6	0.007	0.003	0.01	0.987	0.001	0.001	0.001	0.989
HMAC003	R1	R1	7	0.027	0.027	0.054	0.002	0.937	0.005	0.002	0.941
HMAC004	R4	R3	6	0.007	0.003	0.01	0.987	0.001	0.001	0.001	0.989
HMAC005	R1	R1	7	0.027	0.027	0.054	0.002	0.937	0.005	0.002	0.941
HMAC006	L1	L1	8	0.989	0.004	0.993	0.002	0.002	0.002	0.002	0.006
HMAC007	L1	L1	9	0.849	0.038	0.887	0.002	0.047	0.057	0.007	0.056
HMAC008	R4	R3	6	0.007	0.003	0.01	0.987	0.001	0.001	0.001	0.989
HMAC009	R4	R3	6	0.007	0.003	0.01	0.987	0.001	0.001	0.001	0.989
HMAC010	L1	L1	10	0.989	0.004	0.993	0.002	0.001	0.001	0.002	0.005
HMAC011	R4	R3	6	0.007	0.003	0.01	0.987	0.001	0.001	0.001	0.989
HMAC101	L1	L1	11	0.983	0.008	0.991	0.003	0.002	0.002	0.002	0.007
HMAC102	L1	L1	11	0.983	0.008	0.991	0.003	0.002	0.002	0.002	0.007
HMAC103	L1	L1	11	0.983	0.008	0.991	0.003	0.002	0.002	0.002	0.007
HMAC104	L1	L1	12	0.983	0.007	0.99	0.003	0.003	0.002	0.002	0.008
HMAC105	R4	R3	13	0.006	0.003	0.009	0.987	0.001	0.001	0.001	0.989
HMAC106	R4	R3	13	0.006	0.003	0.009	0.987	0.001	0.001	0.001	0.989
HMAC107	MED	MED_L	14	0.666	0.004	0.67	0.003	0.006	0.319	0.002	0.011
HMAC201	MAC	MAC	15	0.47	0.01	0.48	0.002	0.003	0.076	0.44	0.445
HMAC202	MAC	MAC_R	16	0.051	0.218	0.269	0.002	0.725	0.002	0.002	0.729
HMAC501	MAC	MAC	17	0.003	0.378	0.381	0.002	0.614	0.002	0.002	0.618
HMAC502	L2	L2	18	0.016	0.971	0.987	0.004	0.003	0.002	0.004	0.011
HMAC503	MAC	MAC	19	0.002	0.513	0.515	0.001	0.002	0.002	0.479	0.482
HMAC504	UNKN	UNKN	-	#N/A	#N/A	#N/A	#N/A	#N/A	#N/A	#N/A	#N/A
HMAC505	MAC	MAC_R	20	0.017	0.156	0.173	0.004	0.819	0.001	0.002	0.825
HMAC506	MAC	MAC_R	20	0.017	0.156	0.173	0.004	0.819	0.001	0.002	0.825
HMAC507	MAC	MAC	21	0.011	0.448	0.459	0.002	0.532	0.003	0.003	0.537
HMAC508	MAC	MAC	22	0.002	0.414	0.416	0.001	0.579	0.002	0.003	0.583
HMAC509	MAC	MAC	22	0.002	0.414	0.416	0.001	0.579	0.002	0.003	0.583
HMAC510	MAC	MAC	22	0.002	0.414	0.416	0.001	0.579	0.002	0.003	0.583
HMAC601	MAC	MAC	23	0.003	0.512	0.515	0.003	0.466	0.014	0.003	0.472
HMAC602	MAC	MAC	23	0.003	0.512	0.515	0.003	0.466	0.014	0.003	0.472
HMAC603	MAC	MAC	23	0.003	0.512	0.515	0.003	0.466	0.014	0.003	0.472
HMAC604	MAC	MAC_R	24	0.019	0.149	0.168	0.002	0.823	0.005	0.002	0.827
HMAC605	MAC	MAC_R	24	0.019	0.149	0.168	0.002	0.823	0.005	0.002	0.827
HMAC606	MAC	MAC	23	0.003	0.512	0.515	0.003	0.466	0.014	0.003	0.472
HMAC607	MAC	MAC	25	0.005	0.624	0.629	0.002	0.365	0.002	0.002	0.369
HMAC608	MAC	MAC	23	0.003	0.512	0.515	0.003	0.466	0.014	0.003	0.472
HMAC609	MAC	MAC	26	0.002	0.473	0.475	0.001	0.52	0.001	0.003	0.524
HMAC610	MAC	MAC	27	0.003	0.422	0.425	0.002	0.568	0.003	0.003	0.573
HMAC611	L2	L2	28	0.004	0.981	0.985	0.002	0.003	0.003	0.007	0.012
HMAC801	MAC	MAC_R	29	0.018	0.229	0.247	0.002	0.744	0.003	0.004	0.75
HMAC802	MAC	MAC_R	29	0.018	0.229	0.247	0.002	0.744	0.003	0.004	0.75
HMAC803	MAC	MAC	30	0.005	0.345	0.35	0.002	0.645	0.002	0.002	0.649
HMAC804	MAC	MAC	31	0.001	0.47	0.471	0.001	0.524	0.002	0.001	0.526
HMAC805	MAC	MAC_R	29	0.018	0.229	0.247	0.002	0.744	0.003	0.004	0.75
HMAC806	MAC	MAC_R	29	0.018	0.229	0.247	0.002	0.744	0.003	0.004	0.75
HMAC807	MAC	MAC_R	29	0.018	0.229	0.247	0.002	0.744	0.003	0.004	0.75
HMAC808	MAC	MAC_M	32	0.016	0.614	0.63	0.006	0.268	0.089	0.007	0.281
HMAC901	MAC	MAC_R	33	0.002	0.213	0.215	0.001	0.779	0.003	0.002	0.782
HMED101	MED	MED	34	0.602	0.004	0.606	0.02	0.009	0.361	0.003	0.032
HMED102	UNKN	UNKN	-	#N/A	#N/A	#N/A	#N/A	#N/A	#N/A	#N/A	#N/A
HMED103	MED	MED_L	35	0.587	0.011	0.598	0.004	0.038	0.223	0.137	0.179
HMED201	MAC	MAC_M	36	0.629	0.005	0.634	0.22	0.008	0.131	0.007	0.235
HMED202	MED	MED_L	37	0.693	0.006	0.699	0.015	0.012	0.239	0.035	0.062
HMED203	MED	MED	38	0.459	0.007	0.466	0.003	0.013	0.48	0.038	0.054
HMED204	MED	MED	39	0.357	0.007	0.364	0.002	0.005	0.627	0.003	0.01
HMED205	L1	L1	40	0.92	0.013	0.933	0.003	0.007	0.053	0.003	0.013
HMED206	MED	MED	41	0.466	0.007	0.473	0.003	0.006	0.514	0.004	0.013
HMED207	MED	MED_L	42	0.8	0.003	0.803	0.007	0.016	0.167	0.007	0.03
HMED208	MED	MED_L	43	0.789	0.014	0.803	0.003	0.017	0.172	0.004	0.024
HMED209	L1	L1	44	0.982	0.006	0.988	0.005	0.003	0.003	0.002	0.01
HMED210	M	M	45	0.002	0.002	0.004	0.005	0.009	0.979	0.003	0.017
HMED301	MED	MED	46	0.246	0.139	0.385	0.01	0.027	0.568	0.01	0.047
HS001	MED	MED	47	0.498	0.024	0.522	0.003	0.02	0.45	0.005	0.028
HS101	R4	R3	48	0.007	0.007	0.014	0.938	0.005	0.038	0.005	0.948
HS102	R4	R3	49	0.002	0.001	0.003	0.97	0.01	0.016	0.002	0.982
L001	L1	L1	50	0.957	0.016	0.973	0.003	0.017	0.003	0.004	0.024
L002	L1	L1	51	0.99	0.004	0.994	0.002	0.002	0.001	0.002	0.006
L003	L1	L1	52	0.988	0.006	0.994	0.001	0.002	0.001	0.002	0.005
L004	L1	L1	53	0.986	0.008	0.994	0.002	0.002	0.001	0.002	0.006
L005	L1	L	54	0.723	0.269	0.992	0.002	0.002	0.002	0.002	0.006
L006	L1	L1	55	0.968	0.021	0.989	0.002	0.003	0.003	0.004	0.009
L007	L1	L1	56	0.961	0.031	0.992	0.002	0.002	0.002	0.002	0.006
L008	L1	L1	57	0.982	0.01	0.992	0.002	0.002	0.002	0.002	0.006
L009	L1	L1	58	0.983	0.01	0.993	0.001	0.002	0.002	0.002	0.005
L010	L1	L1	59	0.981	0.011	0.992	0.002	0.002	0.002	0.003	0.007
L011	L1	L1	60	0.912	0.075	0.987	0.002	0.005	0.003	0.004	0.011
L101	MAC	MAC_L	61	0.759	0.002	0.761	0.231	0.002	0.003	0.002	0.235
L102	UNKN	UNKN	-	#N/A	#N/A	#N/A	#N/A	#N/A	#N/A	#N/A	#N/A
L103	L1	L1	62	0.977	0.014	0.991	0.002	0.002	0.002	0.003	0.007
L104	L1	L1	63	0.978	0.009	0.987	0.006	0.001	0.002	0.002	0.009
L105	L1	L1	64	0.86	0.132	0.992	0.002	0.002	0.001	0.001	0.005
L106	MED	MED_L	65	0.663	0.004	0.667	0.006	0.004	0.32	0.003	0.013
L107	L1	L1	66	0.99	0.003	0.993	0.002	0.002	0.001	0.002	0.006
L108	L1	L1	67	0.986	0.004	0.99	0.003	0.003	0.002	0.002	0.008
L109	L1	L1	68	0.957	0.033	0.99	0.002	0.003	0.003	0.002	0.007
L110	L1	L1	69	0.949	0.012	0.961	0.006	0.01	0.011	0.012	0.028
L201	L1	L1	70	0.985	0.009	0.994	0.002	0.002	0.001	0.001	0.005
L202	L1	L1	71	0.991	0.003	0.994	0.001	0.001	0.002	0.002	0.004
L203	L1	L1	72	0.987	0.004	0.991	0.003	0.002	0.002	0.002	0.007
L204	L1	L	73	0.507	0.466	0.973	0.009	0.005	0.008	0.006	0.02
L205	MED	L	74	0.833	0.047	0.88	0.011	0.009	0.094	0.006	0.026
L206	L1	L1	75	0.935	0.054	0.989	0.002	0.003	0.002	0.004	0.009
L207	L1	L1	76	0.99	0.004	0.994	0.002	0.001	0.001	0.002	0.005
L208	L1	L1	77	0.965	0.016	0.981	0.002	0.002	0.005	0.01	0.014
L209	L1	L1	78	0.99	0.003	0.993	0.002	0.002	0.002	0.002	0.006
L210	L1	L1	79	0.98	0.011	0.991	0.003	0.002	0.002	0.002	0.007
L301	L1	L1	80	0.964	0.028	0.992	0.002	0.002	0.003	0.002	0.006
L302	L1	L1	81	0.956	0.038	0.994	0.002	0.001	0.001	0.001	0.004
L303	L1	L1	82	0.99	0.005	0.995	0.001	0.001	0.001	0.001	0.003
L304	L1	L1	83	0.915	0.073	0.988	0.003	0.003	0.003	0.004	0.01
L305	L1	L1	84	0.983	0.012	0.995	0.001	0.001	0.001	0.002	0.004
L306	L1	L1	85	0.963	0.029	0.992	0.002	0.002	0.003	0.001	0.005
L307	L1	L1	86	0.988	0.006	0.994	0.002	0.001	0.001	0.001	0.004
L308	L1	L1	87	0.989	0.002	0.991	0.002	0.002	0.002	0.002	0.006
L309	L1	L1	88	0.985	0.009	0.994	0.002	0.001	0.001	0.001	0.004
L310	L1	L1	89	0.976	0.01	0.986	0.002	0.007	0.004	0.002	0.011
L311	L1	L1	90	0.974	0.015	0.989	0.003	0.003	0.003	0.003	0.009
L312	L1	L1	91	0.959	0.022	0.981	0.003	0.008	0.005	0.004	0.015
L401	L1	L1	92	0.985	0.008	0.993	0.002	0.002	0.002	0.002	0.006
L402	L1	L1	93	0.988	0.005	0.993	0.001	0.003	0.001	0.002	0.006
L403	L1	L1	94	0.909	0.076	0.985	0.002	0.004	0.004	0.005	0.011
L404	MED	MED	95	0.421	0.011	0.432	0.007	0.027	0.437	0.097	0.131
L405	L1	L1	96	0.988	0.006	0.994	0.001	0.001	0.001	0.002	0.004
L406	L1	L1	97	0.975	0.018	0.993	0.002	0.002	0.002	0.002	0.006
L407	MAC	MAC	1	0.005	0.408	0.413	0.001	0.582	0.001	0.002	0.585
L408	L1	L1	98	0.983	0.011	0.994	0.002	0.002	0.002	0.002	0.006
L409	L1	L1	99	0.954	0.039	0.993	0.001	0.001	0.002	0.002	0.004
L410	L1	L1	100	0.99	0.004	0.994	0.001	0.002	0.001	0.002	0.005
L501	L2	L2	101	0.004	0.988	0.992	0.001	0.002	0.002	0.002	0.005
L502	L2	L2	102	0.004	0.986	0.99	0.002	0.003	0.003	0.002	0.007
L503	L2	L2	103	0.025	0.958	0.983	0.007	0.003	0.005	0.003	0.013
L504	L2	L2	104	0.012	0.982	0.994	0.001	0.001	0.002	0.002	0.004
L505	L2	L2	105	0.01	0.985	0.995	0.002	0.001	0.001	0.002	0.005
L506	L2	L2	106	0.004	0.988	0.992	0.001	0.002	0.002	0.004	0.007
L507	L2	L2	107	0.004	0.99	0.994	0.002	0.002	0.001	0.002	0.006
L508	L2	L2	108	0.003	0.989	0.992	0.003	0.002	0.002	0.002	0.007
L509	L2	L2	109	0.006	0.988	0.994	0.001	0.001	0.001	0.002	0.004
L510	L2	L2	110	0.016	0.979	0.995	0.002	0.002	0.001	0.001	0.005
L601	L2	L2	111	0.005	0.988	0.993	0.001	0.001	0.001	0.002	0.004
L602	L2	L2	112	0.008	0.985	0.993	0.001	0.001	0.002	0.002	0.004
L603	L2	L2	113	0.031	0.96	0.991	0.001	0.003	0.002	0.002	0.006
L604	L2	L2	114	0.04	0.954	0.994	0.001	0.002	0.001	0.001	0.004
L605	L2	L	115	0.291	0.698	0.989	0.002	0.002	0.003	0.004	0.008
L606	L2	L2	116	0.015	0.977	0.992	0.002	0.002	0.002	0.002	0.006
L607	L2	L2	117	0.006	0.988	0.994	0.001	0.001	0.001	0.001	0.003
L608	L2	L2	118	0.009	0.985	0.994	0.002	0.002	0.001	0.002	0.006
L609	L2	L2	119	0.003	0.992	0.995	0.001	0.001	0.001	0.001	0.003
L610	L2	L2	120	0.01	0.98	0.99	0.002	0.002	0.003	0.002	0.006
L701	L2	L2	121	0.013	0.978	0.991	0.004	0.001	0.002	0.002	0.007
L702	L2	L2	122	0.004	0.981	0.985	0.002	0.003	0.004	0.005	0.01
L703	L2	L2	123	0.045	0.947	0.992	0.003	0.002	0.002	0.002	0.007
L704	L2	L2	124	0.004	0.988	0.992	0.003	0.003	0.002	0.002	0.008
L705	L2	L2	125	0.005	0.986	0.991	0.002	0.003	0.002	0.002	0.007
L706	L2	L2	126	0.005	0.989	0.994	0.002	0.002	0.001	0.002	0.006
L707	R1	R1	127	0.001	0.001	0.002	0.004	0.972	0.019	0.003	0.979
L708	L2	L2	128	0.006	0.988	0.994	0.001	0.002	0.001	0.002	0.005
L709	L2	L2	129	0.049	0.929	0.978	0.002	0.013	0.004	0.003	0.018
L710	L2	L2	130	0.018	0.946	0.964	0.024	0.004	0.003	0.004	0.032
L801	L2	L2	131	0.003	0.991	0.994	0.001	0.001	0.001	0.002	0.004
L802	L2	L2	132	0.016	0.971	0.987	0.002	0.004	0.003	0.004	0.01
L803	L2	L2	133	0.004	0.99	0.994	0.001	0.001	0.001	0.002	0.004
L804	L2	L2	134	0.008	0.987	0.995	0.002	0.001	0.001	0.001	0.004
L805	L2	L2	135	0.006	0.984	0.99	0.003	0.002	0.002	0.003	0.008
L806	L2	L2	136	0.004	0.99	0.994	0.001	0.001	0.001	0.002	0.004
L807	L2	L2	137	0.004	0.976	0.98	0.002	0.007	0.006	0.005	0.014
L808	L2	L2	138	0.044	0.943	0.987	0.004	0.004	0.002	0.004	0.012
L809	L2	L2	139	0.014	0.98	0.994	0.002	0.002	0.001	0.002	0.006
L810	L2	L2	140	0.011	0.982	0.993	0.002	0.002	0.002	0.002	0.006
L901	L2	L2	141	0.006	0.988	0.994	0.001	0.001	0.001	0.002	0.004
L902	L2	L2	142	0.003	0.992	0.995	0.001	0.001	0.001	0.001	0.003
L903	L2	L2	143	0.024	0.966	0.99	0.003	0.004	0.001	0.002	0.009
L904	L2	L2	144	0.01	0.983	0.993	0.002	0.002	0.002	0.002	0.006
L905	L2	L2	145	0.005	0.988	0.993	0.002	0.001	0.002	0.003	0.006
L906	L2	L2	146	0.005	0.983	0.988	0.002	0.002	0.003	0.005	0.009
L907	L2	L2	147	0.008	0.986	0.994	0.001	0.001	0.001	0.001	0.003
L908	L2	L2	148	0.01	0.982	0.992	0.002	0.001	0.002	0.003	0.006
L909	L2	L2	149	0.008	0.983	0.991	0.002	0.001	0.002	0.004	0.007
L910	L2	L2	150	0.003	0.985	0.988	0.002	0.003	0.002	0.004	0.009
L911	L2	L2	151	0.004	0.99	0.994	0.002	0.002	0.001	0.001	0.005
L912	L2	L2	152	0.009	0.982	0.991	0.001	0.002	0.002	0.003	0.006
M001	M	M	153	0.002	0.001	0.003	0.002	0.002	0.99	0.003	0.007
M002	M	M	154	0.003	0.003	0.006	0.006	0.004	0.977	0.007	0.017
M003	M	M	155	0.003	0.002	0.005	0.008	0.107	0.847	0.034	0.149
M004	M	M	156	0.004	0.003	0.007	0.003	0.007	0.977	0.007	0.017
M101	UNKN	UNKN	-	#N/A	#N/A	#N/A	#N/A	#N/A	#N/A	#N/A	#N/A
M201	UNKN	UNKN	-	#N/A	#N/A	#N/A	#N/A	#N/A	#N/A	#N/A	#N/A
M202	M	M	157	0.002	0.001	0.003	0.002	0.004	0.987	0.002	0.008
M203	M	M	158	0.004	0.002	0.006	0.003	0.005	0.981	0.006	0.014
M204	MED	MED	159	0.315	0.136	0.451	0.002	0.005	0.535	0.006	0.013
M205	M	M	160	0.002	0.002	0.004	0.01	0.01	0.972	0.003	0.023
M206	M	M	161	0.003	0.002	0.005	0.002	0.003	0.986	0.004	0.009
M207	MED	MED_M	162	0.172	0.054	0.226	0.023	0.015	0.723	0.013	0.051
M208	M	M	163	0.003	0.003	0.006	0.008	0.004	0.971	0.012	0.024
M209	M	M	164	0.002	0.002	0.004	0.002	0.003	0.99	0.002	0.007
M210	M	M	165	0.003	0.006	0.009	0.003	0.023	0.952	0.013	0.039
M301	M	M	166	0.002	0.002	0.004	0.002	0.005	0.987	0.003	0.01
M302	M	M	167	0.002	0.002	0.004	0.003	0.008	0.983	0.004	0.015
M303	M	M	168	0.001	0.001	0.002	0.002	0.002	0.992	0.002	0.006
M304	M	M	169	0.005	0.003	0.008	0.002	0.012	0.974	0.004	0.018
M305	M	M	170	0.001	0.002	0.003	0.003	0.003	0.987	0.004	0.01
M306	M	M	171	0.003	0.002	0.005	0.002	0.003	0.987	0.002	0.007
M307	M	M	172	0.003	0.001	0.004	0.003	0.004	0.985	0.003	0.01
M308	M	M	173	0.004	0.004	0.008	0.004	0.003	0.98	0.006	0.013
M309	M	M	174	0.002	0.002	0.004	0.002	0.003	0.983	0.007	0.012
M310	M	M	175	0.002	0.002	0.004	0.002	0.003	0.988	0.003	0.008
M311	M	M	176	0.002	0.002	0.004	0.003	0.003	0.987	0.003	0.009
M312	M	M	177	0.001	0.002	0.003	0.002	0.005	0.987	0.003	0.01
M313	M	M	178	0.006	0.004	0.01	0.014	0.008	0.965	0.003	0.025
M314	M	M	179	0.002	0.002	0.004	0.003	0.024	0.94	0.029	0.056
M315	SUB	SUB_M	180	0.002	0.002	0.004	0.005	0.203	0.783	0.005	0.213
M316	M	M	181	0.003	0.004	0.007	0.004	0.004	0.977	0.008	0.016
M317	M	M	182	0.003	0.002	0.005	0.003	0.038	0.952	0.003	0.044
M501	SUB	SUB_M	183	0.003	0.003	0.006	0.004	0.016	0.662	0.313	0.333
M601	SUB	SUB_M	184	0.002	0.002	0.004	0.008	0.245	0.736	0.007	0.26
M701	R1	R1	185	0.001	0.001	0.002	0.001	0.982	0.012	0.003	0.986
M702	R1	R1	185	0.001	0.001	0.002	0.001	0.982	0.012	0.003	0.986
M703	R1	R1	185	0.001	0.001	0.002	0.001	0.982	0.012	0.003	0.986
M704	R1	R1	185	0.001	0.001	0.002	0.001	0.982	0.012	0.003	0.986
M705	R1	R1	185	0.001	0.001	0.002	0.001	0.982	0.012	0.003	0.986
M706	R1	R1	185	0.001	0.001	0.002	0.001	0.982	0.012	0.003	0.986
M707	R1	R1	185	0.001	0.001	0.002	0.001	0.982	0.012	0.003	0.986
M708	R1	R1	185	0.001	0.001	0.002	0.001	0.982	0.012	0.003	0.986
M709	R1	R1	185	0.001	0.001	0.002	0.001	0.982	0.012	0.003	0.986
M710	R1	R1	185	0.001	0.001	0.002	0.001	0.982	0.012	0.003	0.986
M711	R1	R1	185	0.001	0.001	0.002	0.001	0.982	0.012	0.003	0.986
M712	M	M	186	0.002	0.003	0.005	0.002	0.018	0.969	0.006	0.026
M801	M	M	187	0.029	0.005	0.034	0.036	0.037	0.875	0.018	0.091
M802	SUB	SUB	188	0.002	0.002	0.004	0.006	0.501	0.351	0.139	0.646
M803	SUB	SUB	188	0.002	0.002	0.004	0.006	0.501	0.351	0.139	0.646
M804	M	M	189	0.005	0.007	0.012	0.003	0.038	0.933	0.013	0.054
M805	SUB	SUB_R	190	0.009	0.006	0.015	0.127	0.605	0.183	0.069	0.801
M806	M	M	191	0.002	0.002	0.004	0.002	0.016	0.973	0.005	0.023
M901	R1	R1	192	0.002	0.001	0.003	0.003	0.987	0.005	0.003	0.993
M902	R1	R1	193	0.001	0.001	0.002	0.001	0.984	0.008	0.004	0.989
M903	R1	R1	193	0.001	0.001	0.002	0.001	0.984	0.008	0.004	0.989
M904	R1	R1	193	0.001	0.001	0.002	0.001	0.984	0.008	0.004	0.989
M905	R1	R1	193	0.001	0.001	0.002	0.001	0.984	0.008	0.004	0.989
M906	R1	R1	193	0.001	0.001	0.002	0.001	0.984	0.008	0.004	0.989
R001	R4	R3	6	0.007	0.003	0.01	0.987	0.001	0.001	0.001	0.989
R002	R4	R3	6	0.007	0.003	0.01	0.987	0.001	0.001	0.001	0.989
R003	R4	R3	6	0.007	0.003	0.01	0.987	0.001	0.001	0.001	0.989
R004	R4	R3	6	0.007	0.003	0.01	0.987	0.001	0.001	0.001	0.989
R005	R4	R3	6	0.007	0.003	0.01	0.987	0.001	0.001	0.001	0.989
R006	R4	R3	6	0.007	0.003	0.01	0.987	0.001	0.001	0.001	0.989
R101	R4	R3	49	0.002	0.001	0.003	0.97	0.01	0.016	0.002	0.982
R102	R4	R3	49	0.002	0.001	0.003	0.97	0.01	0.016	0.002	0.982
R103	R4	R3	49	0.002	0.001	0.003	0.97	0.01	0.016	0.002	0.982
R104	R4	R3	49	0.002	0.001	0.003	0.97	0.01	0.016	0.002	0.982
R105	R4	R3	49	0.002	0.001	0.003	0.97	0.01	0.016	0.002	0.982
R106	R4	R3	49	0.002	0.001	0.003	0.97	0.01	0.016	0.002	0.982
R107	R4	R3	49	0.002	0.001	0.003	0.97	0.01	0.016	0.002	0.982
R108	UNKN	UNKN	-	#N/A	#N/A	#N/A	#N/A	#N/A	#N/A	#N/A	#N/A
R109	R4	R3	49	0.002	0.001	0.003	0.97	0.01	0.016	0.002	0.982
R110	R4	R3	49	0.002	0.001	0.003	0.97	0.01	0.016	0.002	0.982
R401	R4	R3	3	0.005	0.003	0.008	0.988	0.001	0.001	0.001	0.99
R402	R4	R3	3	0.005	0.003	0.008	0.988	0.001	0.001	0.001	0.99
R403	R4	R3	3	0.005	0.003	0.008	0.988	0.001	0.001	0.001	0.99
R404	R4	R3	3	0.005	0.003	0.008	0.988	0.001	0.001	0.001	0.99
R405	MAC	MAC_R	194	0.036	0.198	0.234	0.003	0.76	0.002	0.002	0.765
R406	MAC	MAC_R	194	0.036	0.198	0.234	0.003	0.76	0.002	0.002	0.765
R407	R4	R3	3	0.005	0.003	0.008	0.988	0.001	0.001	0.001	0.99
R408	MAC	MAC	195	0.546	0.006	0.552	0.009	0.376	0.041	0.023	0.408
R409	R4	R3	3	0.005	0.003	0.008	0.988	0.001	0.001	0.001	0.99
R410	MAC	MAC_R	194	0.036	0.198	0.234	0.003	0.76	0.002	0.002	0.765
R411	MAC	MAC_R	194	0.036	0.198	0.234	0.003	0.76	0.002	0.002	0.765
R412	R4	R3	3	0.005	0.003	0.008	0.988	0.001	0.001	0.001	0.99
R501	MAC	MAC_R	196	0.047	0.125	0.172	0.003	0.817	0.003	0.006	0.826
R502	R2	R2	197	0.001	0.003	0.004	0.001	0.001	0.001	0.993	0.995
R503	MAC	MAC_R	196	0.047	0.125	0.172	0.003	0.817	0.003	0.006	0.826
R504	R2	R2	198	0.003	0.026	0.029	0.001	0.002	0.001	0.968	0.971
R505	MAC	MAC_R	196	0.047	0.125	0.172	0.003	0.817	0.003	0.006	0.826
R506	R2	R2	198	0.003	0.026	0.029	0.001	0.002	0.001	0.968	0.971
R507	R2	R2	198	0.003	0.026	0.029	0.001	0.002	0.001	0.968	0.971
R508	MAC	MAC_R	196	0.047	0.125	0.172	0.003	0.817	0.003	0.006	0.826
R509	MAC	MAC_R	196	0.047	0.125	0.172	0.003	0.817	0.003	0.006	0.826
R510	R2	R2	198	0.003	0.026	0.029	0.001	0.002	0.001	0.968	0.971
R601	R2	R2	199	0.003	0.023	0.026	0.001	0.002	0.001	0.971	0.974
R602	R2	R2	200	0.001	0.002	0.003	0.001	0.001	0.001	0.994	0.996
R603	R2	R2	199	0.003	0.023	0.026	0.001	0.002	0.001	0.971	0.974
R604	R2	R2	199	0.003	0.023	0.026	0.001	0.002	0.001	0.971	0.974
R605	R2	R2	200	0.001	0.002	0.003	0.001	0.001	0.001	0.994	0.996
R606	MAC	MAC_R	24	0.019	0.149	0.168	0.002	0.823	0.005	0.002	0.827
R607	MAC	MAC_R	24	0.019	0.149	0.168	0.002	0.823	0.005	0.002	0.827
R608	MAC	MAC_R	201	0.024	0.318	0.342	0.01	0.46	0.035	0.153	0.623
R609	MAC	MAC_R	24	0.019	0.149	0.168	0.002	0.823	0.005	0.002	0.827
R610	MAC	MAC_R	24	0.019	0.149	0.168	0.002	0.823	0.005	0.002	0.827
R701	MAC	MAC_R	202	0.021	0.243	0.264	0.005	0.725	0.002	0.003	0.733
R702	MAC	MAC_R	202	0.021	0.243	0.264	0.005	0.725	0.002	0.003	0.733
R703	MAC	MAC	203	0.011	0.396	0.407	0.004	0.579	0.004	0.006	0.589
R704	MAC	MAC_R	202	0.021	0.243	0.264	0.005	0.725	0.002	0.003	0.733
R705	R1	R1	127	0.001	0.001	0.002	0.004	0.972	0.019	0.003	0.979
R706	R1	R1	204	0.001	0.002	0.003	0.002	0.986	0.005	0.003	0.991
R707	L2	L2	205	0.009	0.976	0.985	0.003	0.004	0.004	0.004	0.011
R708	R1	R1	127	0.001	0.001	0.002	0.004	0.972	0.019	0.003	0.979
R709	R1	R1	127	0.001	0.001	0.002	0.004	0.972	0.019	0.003	0.979
R710	R1	R1	127	0.001	0.001	0.002	0.004	0.972	0.019	0.003	0.979
R801	R1	R1	206	0.003	0.037	0.04	0.002	0.944	0.003	0.012	0.958
R802	MAC	MAC	30	0.005	0.345	0.35	0.002	0.645	0.002	0.002	0.649
R803	SUB	SUB_R	207	0.002	0.001	0.003	0.006	0.673	0.314	0.004	0.683
R804	SUB	SUB	208	0.001	0.001	0.002	0.4	0.049	0.545	0.004	0.453
R805	SUB	SUB	208	0.001	0.001	0.002	0.4	0.049	0.545	0.004	0.453
R806	SUB	SUB	208	0.001	0.001	0.002	0.4	0.049	0.545	0.004	0.453
R807	SUB	SUB_R	207	0.002	0.001	0.003	0.006	0.673	0.314	0.004	0.683
R901	SUB	SUB	209	0.005	0.013	0.018	0.552	0.008	0.394	0.028	0.588
R902	SUB	SUB	210	0.001	0.001	0.002	0.57	0.009	0.416	0.003	0.582
R903	SUB	SUB	210	0.001	0.001	0.002	0.57	0.009	0.416	0.003	0.582
R904	SUB	SUB	210	0.001	0.001	0.002	0.57	0.009	0.416	0.003	0.582
R905	MAC	MAC_R	33	0.002	0.213	0.215	0.001	0.779	0.003	0.002	0.782
R906	MAC	MAC_R	33	0.002	0.213	0.215	0.001	0.779	0.003	0.002	0.782
R907	SUB	SUB	211	0.003	0.202	0.205	0.004	0.114	0.602	0.076	0.194
R908	SUB	SUB_R	212	0.002	0.003	0.005	0.011	0.781	0.184	0.018	0.81
R909	MAC	MAC_R	213	0.014	0.243	0.257	0.002	0.734	0.003	0.004	0.74
R910	R3	R	214	0.003	0.007	0.01	0.458	0.5	0.027	0.006	0.964
R911	R2	R2	215	0.001	0.001	0.002	0.001	0.001	0.002	0.994	0.996
R912	SUB	SUB	211	0.003	0.202	0.205	0.004	0.114	0.602	0.076	0.194
R913	R1	R1	216	0.001	0.001	0.002	0.004	0.952	0.037	0.004	0.96